Data;Close;
10/07/2025;212.41;
09/07/2025;211.14;
08/07/2025;210.01;
07/07/2025;209.95;
03/07/2025;213.55;
02/07/2025;212.44;
01/07/2025;207.82;
30/06/2025;205.17;
27/06/2025;201.08;
26/06/2025;201.00;
25/06/2025;201.56;
24/06/2025;200.30;
23/06/2025;201.50;
20/06/2025;201.00;
18/06/2025;196.58;
17/06/2025;195.64;
16/06/2025;198.42;
13/06/2025;196.45;
12/06/2025;199.20;
11/06/2025;198.78;
10/06/2025;202.67;
09/06/2025;201.45;
06/06/2025;203.92;
05/06/2025;200.63;
04/06/2025;202.82;
03/06/2025;203.27;
02/06/2025;201.70;
30/05/2025;200.85;
29/05/2025;199.95;
28/05/2025;200.42;
27/05/2025;200.21;
23/05/2025;195.27;
22/05/2025;201.36;
21/05/2025;202.09;
20/05/2025;206.86;
19/05/2025;208.78;
16/05/2025;211.26;
15/05/2025;211.45;
14/05/2025;212.33;
13/05/2025;212.93;
12/05/2025;210.79;
09/05/2025;198.53;
08/05/2025;197.49;
07/05/2025;196.25;
06/05/2025;198.51;
05/05/2025;198.89;
02/05/2025;205.35;
01/05/2025;213.32;
30/04/2025;212.50;
29/04/2025;211.21;
28/04/2025;210.14;
25/04/2025;209.28;
24/04/2025;208.37;
23/04/2025;204.60;
22/04/2025;199.74;
21/04/2025;193.16;
17/04/2025;196.98;
16/04/2025;194.27;
15/04/2025;202.14;
14/04/2025;202.52;
11/04/2025;198.15;
10/04/2025;190.42;
09/04/2025;198.85;
08/04/2025;172.42;
07/04/2025;181.46;
04/04/2025;188.38;
03/04/2025;203.19;
02/04/2025;223.89;
01/04/2025;223.19;
31/03/2025;222.13;
28/03/2025;217.90;
27/03/2025;223.85;
26/03/2025;221.53;
25/03/2025;223.75;
24/03/2025;220.73;
21/03/2025;218.27;
20/03/2025;214.10;
19/03/2025;215.24;
18/03/2025;212.69;
17/03/2025;214.00;
14/03/2025;213.49;
13/03/2025;209.68;
12/03/2025;216.98;
11/03/2025;220.84;
10/03/2025;227.48;
07/03/2025;239.07;
06/03/2025;235.33;
05/03/2025;235.74;
04/03/2025;235.93;
03/03/2025;238.03;
28/02/2025;241.84;
27/02/2025;237.30;
26/02/2025;240.36;
25/02/2025;247.04;
24/02/2025;247.10;
21/02/2025;245.55;
20/02/2025;245.83;
19/02/2025;244.87;
18/02/2025;244.47;
14/02/2025;244.60;
13/02/2025;241.53;
12/02/2025;236.87;
11/02/2025;232.62;
10/02/2025;227.65;
07/02/2025;227.63;
06/02/2025;233.22;
05/02/2025;232.47;
04/02/2025;232.80;
03/02/2025;228.01;
31/01/2025;236.00;
30/01/2025;237.59;
29/01/2025;239.36;
28/01/2025;238.26;
27/01/2025;229.86;
24/01/2025;222.78;
23/01/2025;223.66;
22/01/2025;223.83;
21/01/2025;222.64;
17/01/2025;229.98;
16/01/2025;228.26;
15/01/2025;237.87;
14/01/2025;233.28;
13/01/2025;234.40;
10/01/2025;236.85;
08/01/2025;242.70;
07/01/2025;242.21;
06/01/2025;245.00;
03/01/2025;243.36;
02/01/2025;243.85;
31/12/2024;250.42;
30/12/2024;252.20;
27/12/2024;255.59;
26/12/2024;259.02;
24/12/2024;258.20;
23/12/2024;255.27;
20/12/2024;254.49;
19/12/2024;249.79;
18/12/2024;248.05;
17/12/2024;253.48;
16/12/2024;251.04;
13/12/2024;248.13;
12/12/2024;247.96;
11/12/2024;246.49;
10/12/2024;247.77;
09/12/2024;246.75;
06/12/2024;242.84;
05/12/2024;243.04;
04/12/2024;243.01;
03/12/2024;242.65;
02/12/2024;239.59;
29/11/2024;237.33;
27/11/2024;234.93;
26/11/2024;235.06;
25/11/2024;232.87;
22/11/2024;229.87;
21/11/2024;228.52;
20/11/2024;229.00;
19/11/2024;228.28;
18/11/2024;228.02;
15/11/2024;225.00;
14/11/2024;228.22;
13/11/2024;225.12;
12/11/2024;224.23;
11/11/2024;224.23;
08/11/2024;226.96;
07/11/2024;227.48;
06/11/2024;222.72;
05/11/2024;223.45;
04/11/2024;222.01;
01/11/2024;222.91;
31/10/2024;225.91;
30/10/2024;230.10;
29/10/2024;233.67;
28/10/2024;233.40;
25/10/2024;231.41;
24/10/2024;230.57;
23/10/2024;230.76;
22/10/2024;235.86;
21/10/2024;236.48;
18/10/2024;235.00;
17/10/2024;232.15;
16/10/2024;231.78;
15/10/2024;233.85;
14/10/2024;231.30;
11/10/2024;227.55;
10/10/2024;229.04;
09/10/2024;229.54;
08/10/2024;225.77;
07/10/2024;221.69;
04/10/2024;226.80;
03/10/2024;225.67;
02/10/2024;226.78;
01/10/2024;226.21;
30/09/2024;233.00;
27/09/2024;227.79;
26/09/2024;227.52;
25/09/2024;226.37;
24/09/2024;227.37;
23/09/2024;226.47;
20/09/2024;228.20;
19/09/2024;228.87;
18/09/2024;220.69;
17/09/2024;216.79;
16/09/2024;216.32;
13/09/2024;222.50;
12/09/2024;222.77;
11/09/2024;222.66;
10/09/2024;220.11;
09/09/2024;220.91;
06/09/2024;220.82;
05/09/2024;222.38;
04/09/2024;220.85;
03/09/2024;222.77;
30/08/2024;229.00;
29/08/2024;229.79;
28/08/2024;226.49;
27/08/2024;228.03;
26/08/2024;227.18;
23/08/2024;226.84;
22/08/2024;224.53;
21/08/2024;226.40;
20/08/2024;226.51;
19/08/2024;225.89;
16/08/2024;226.05;
15/08/2024;224.72;
14/08/2024;221.72;
13/08/2024;221.27;
12/08/2024;217.53;
09/08/2024;216.24;
08/08/2024;213.31;
07/08/2024;209.82;
06/08/2024;207.23;
05/08/2024;209.27;
02/08/2024;219.86;
01/08/2024;218.36;
31/07/2024;222.08;
30/07/2024;218.80;
29/07/2024;218.24;
26/07/2024;217.96;
25/07/2024;217.49;
24/07/2024;218.54;
23/07/2024;225.01;
22/07/2024;223.96;
19/07/2024;224.31;
18/07/2024;224.18;
17/07/2024;228.88;
16/07/2024;234.82;
15/07/2024;234.40;
12/07/2024;230.54;
11/07/2024;227.57;
10/07/2024;232.98;
09/07/2024;228.68;
08/07/2024;227.82;
05/07/2024;226.34;
03/07/2024;221.55;
02/07/2024;220.27;
01/07/2024;216.75;
28/06/2024;210.62;
27/06/2024;214.10;
26/06/2024;213.25;
25/06/2024;209.07;
24/06/2024;208.14;
21/06/2024;207.49;
20/06/2024;209.68;
18/06/2024;214.29;
17/06/2024;216.67;
14/06/2024;212.49;
13/06/2024;214.24;
12/06/2024;213.07;
11/06/2024;207.15;
10/06/2024;193.12;
07/06/2024;196.89;
06/06/2024;194.48;
05/06/2024;195.87;
04/06/2024;194.35;
03/06/2024;194.03;
31/05/2024;192.25;
30/05/2024;191.29;
29/05/2024;190.29;
28/05/2024;189.99;
24/05/2024;189.98;
23/05/2024;186.88;
22/05/2024;190.90;
21/05/2024;192.35;
20/05/2024;191.04;
17/05/2024;189.87;
16/05/2024;189.84;
15/05/2024;189.72;
14/05/2024;187.43;
13/05/2024;186.28;
10/05/2024;183.05;
09/05/2024;184.57;
08/05/2024;182.74;
07/05/2024;182.40;
06/05/2024;181.71;
03/05/2024;183.38;
02/05/2024;173.03;
01/05/2024;169.30;
30/04/2024;170.33;
29/04/2024;173.50;
26/04/2024;169.30;
25/04/2024;169.89;
24/04/2024;169.02;
23/04/2024;166.90;
22/04/2024;165.84;
19/04/2024;165.00;
18/04/2024;167.04;
17/04/2024;168.00;
16/04/2024;169.38;
15/04/2024;172.69;
12/04/2024;176.55;
11/04/2024;175.04;
10/04/2024;167.78;
09/04/2024;169.67;
08/04/2024;168.45;
05/04/2024;169.58;
04/04/2024;168.82;
03/04/2024;169.65;
02/04/2024;168.84;
01/04/2024;170.03;
28/03/2024;171.48;
27/03/2024;173.31;
26/03/2024;169.71;
25/03/2024;170.85;
22/03/2024;172.28;
21/03/2024;171.37;
20/03/2024;178.67;
19/03/2024;176.08;
18/03/2024;173.72;
15/03/2024;172.62;
14/03/2024;173.00;
13/03/2024;171.13;
12/03/2024;173.23;
11/03/2024;172.75;
08/03/2024;170.73;
07/03/2024;169.00;
06/03/2024;169.12;
05/03/2024;170.12;
04/03/2024;175.10;
01/03/2024;179.66;
29/02/2024;180.75;
28/02/2024;181.42;
27/02/2024;182.63;
26/02/2024;181.16;
23/02/2024;182.52;
22/02/2024;184.37;
21/02/2024;182.32;
20/02/2024;181.56;
16/02/2024;182.31;
15/02/2024;183.86;
14/02/2024;184.15;
13/02/2024;185.04;
12/02/2024;187.15;
09/02/2024;188.85;
08/02/2024;188.32;
07/02/2024;189.41;
06/02/2024;189.30;
05/02/2024;187.68;
02/02/2024;185.85;
01/02/2024;186.86;
31/01/2024;184.40;
30/01/2024;188.04;
29/01/2024;191.73;
26/01/2024;192.42;
25/01/2024;194.17;
24/01/2024;194.50;
23/01/2024;195.18;
22/01/2024;193.89;
19/01/2024;191.56;
18/01/2024;188.63;
17/01/2024;182.68;
16/01/2024;183.63;
12/01/2024;185.92;
11/01/2024;185.59;
10/01/2024;186.19;
09/01/2024;185.14;
08/01/2024;185.56;
05/01/2024;181.18;
04/01/2024;181.91;
03/01/2024;184.25;
02/01/2024;185.64;
29/12/2023;192.53;
28/12/2023;193.58;
27/12/2023;193.15;
26/12/2023;193.05;
22/12/2023;193.60;
21/12/2023;194.68;
20/12/2023;194.83;
19/12/2023;196.94;
18/12/2023;195.89;
15/12/2023;197.57;
14/12/2023;198.11;
13/12/2023;197.96;
12/12/2023;194.71;
11/12/2023;193.18;
08/12/2023;195.71;
07/12/2023;194.27;
06/12/2023;192.32;
05/12/2023;193.42;
04/12/2023;189.43;
01/12/2023;191.24;
30/11/2023;189.95;
29/11/2023;189.37;
28/11/2023;190.40;
27/11/2023;189.79;
24/11/2023;189.97;
22/11/2023;191.31;
21/11/2023;190.64;
20/11/2023;191.45;
17/11/2023;189.69;
16/11/2023;189.71;
15/11/2023;188.01;
14/11/2023;187.44;
13/11/2023;184.80;
10/11/2023;186.40;
09/11/2023;182.41;
08/11/2023;182.89;
07/11/2023;181.82;
06/11/2023;179.23;
03/11/2023;176.65;
02/11/2023;177.57;
01/11/2023;173.97;
31/10/2023;170.77;
30/10/2023;170.29;
27/10/2023;168.22;
26/10/2023;166.89;
25/10/2023;171.10;
24/10/2023;173.44;
23/10/2023;173.00;
20/10/2023;172.88;
19/10/2023;175.46;
18/10/2023;175.84;
17/10/2023;177.15;
16/10/2023;178.72;
13/10/2023;178.85;
12/10/2023;180.71;
11/10/2023;179.80;
10/10/2023;178.39;
09/10/2023;178.99;
06/10/2023;177.49;
05/10/2023;174.91;
04/10/2023;173.66;
03/10/2023;172.40;
02/10/2023;173.75;
29/09/2023;171.21;
28/09/2023;170.69;
27/09/2023;170.43;
26/09/2023;171.96;
25/09/2023;176.08;
22/09/2023;174.79;
21/09/2023;173.93;
20/09/2023;175.49;
19/09/2023;179.07;
18/09/2023;177.97;
15/09/2023;175.01;
14/09/2023;175.74;
13/09/2023;174.21;
12/09/2023;176.30;
11/09/2023;179.36;
08/09/2023;178.18;
07/09/2023;177.56;
06/09/2023;182.91;
05/09/2023;189.70;
01/09/2023;189.46;
31/08/2023;187.87;
30/08/2023;187.65;
29/08/2023;184.12;
28/08/2023;180.19;
25/08/2023;178.61;
24/08/2023;176.38;
23/08/2023;181.12;
22/08/2023;177.23;
21/08/2023;175.84;
18/08/2023;174.49;
17/08/2023;174.00;
16/08/2023;176.57;
15/08/2023;177.45;
14/08/2023;179.46;
11/08/2023;177.79;
10/08/2023;177.97;
09/08/2023;178.19;
08/08/2023;179.80;
07/08/2023;178.85;
04/08/2023;181.99;
03/08/2023;191.17;
02/08/2023;192.58;
01/08/2023;195.60;
31/07/2023;196.45;
28/07/2023;195.83;
27/07/2023;193.22;
26/07/2023;194.50;
25/07/2023;193.62;
24/07/2023;192.75;
21/07/2023;191.94;
20/07/2023;193.13;
19/07/2023;195.10;
18/07/2023;193.73;
17/07/2023;193.99;
14/07/2023;190.69;
13/07/2023;190.54;
12/07/2023;189.77;
11/07/2023;188.08;
10/07/2023;188.61;
07/07/2023;190.68;
06/07/2023;191.81;
05/07/2023;191.33;
03/07/2023;192.46;
30/06/2023;193.97;
29/06/2023;189.59;
28/06/2023;189.25;
27/06/2023;188.06;
26/06/2023;185.27;
23/06/2023;186.68;
22/06/2023;187.00;
21/06/2023;183.96;
20/06/2023;185.01;
16/06/2023;184.92;
15/06/2023;186.01;
14/06/2023;183.95;
13/06/2023;183.31;
12/06/2023;183.79;
09/06/2023;180.96;
08/06/2023;180.57;
07/06/2023;177.82;
06/06/2023;179.21;
05/06/2023;179.58;
02/06/2023;180.95;
01/06/2023;180.09;
31/05/2023;177.25;
30/05/2023;177.30;
26/05/2023;175.43;
25/05/2023;172.99;
24/05/2023;171.84;
23/05/2023;171.56;
22/05/2023;174.20;
19/05/2023;175.16;
18/05/2023;175.05;
17/05/2023;172.69;
16/05/2023;172.07;
15/05/2023;172.07;
12/05/2023;172.57;
11/05/2023;173.75;
10/05/2023;173.55;
09/05/2023;171.77;
08/05/2023;173.50;
05/05/2023;173.57;
04/05/2023;165.79;
03/05/2023;167.45;
02/05/2023;168.54;
01/05/2023;169.59;
28/04/2023;169.68;
27/04/2023;168.41;
26/04/2023;163.76;
25/04/2023;163.77;
24/04/2023;165.33;
21/04/2023;165.02;
20/04/2023;166.65;
19/04/2023;167.63;
18/04/2023;166.47;
17/04/2023;165.23;
14/04/2023;165.21;
13/04/2023;165.56;
12/04/2023;160.10;
11/04/2023;160.80;
10/04/2023;162.03;
06/04/2023;164.66;
05/04/2023;163.76;
04/04/2023;165.63;
03/04/2023;166.17;
31/03/2023;164.90;
30/03/2023;162.36;
29/03/2023;160.77;
28/03/2023;157.65;
27/03/2023;158.28;
24/03/2023;160.25;
23/03/2023;158.93;
22/03/2023;157.83;
21/03/2023;159.28;
20/03/2023;157.40;
17/03/2023;155.00;
16/03/2023;155.85;
15/03/2023;152.99;
14/03/2023;152.59;
13/03/2023;150.47;
10/03/2023;148.50;
09/03/2023;150.59;
08/03/2023;152.87;
07/03/2023;151.60;
06/03/2023;153.83;
03/03/2023;151.03;
02/03/2023;145.91;
01/03/2023;145.31;
28/02/2023;147.41;
27/02/2023;147.92;
24/02/2023;146.71;
23/02/2023;149.40;
22/02/2023;148.91;
21/02/2023;148.48;
17/02/2023;152.55;
16/02/2023;153.71;
15/02/2023;155.33;
14/02/2023;153.20;
13/02/2023;153.85;
10/02/2023;151.01;
09/02/2023;150.87;
08/02/2023;151.92;
07/02/2023;154.65;
06/02/2023;151.73;
03/02/2023;154.50;
02/02/2023;150.82;
01/02/2023;145.43;
31/01/2023;144.29;
30/01/2023;143.00;
27/01/2023;145.93;
26/01/2023;143.96;
25/01/2023;141.86;
24/01/2023;142.53;
23/01/2023;141.11;
20/01/2023;137.87;
19/01/2023;135.27;
18/01/2023;135.21;
17/01/2023;135.94;
13/01/2023;134.76;
12/01/2023;133.41;
11/01/2023;133.49;
10/01/2023;130.73;
09/01/2023;130.15;
06/01/2023;129.62;
05/01/2023;125.02;
04/01/2023;126.36;
03/01/2023;125.07;
30/12/2022;129.93;
29/12/2022;129.61;
28/12/2022;126.04;
27/12/2022;130.03;
23/12/2022;131.86;
22/12/2022;132.23;
21/12/2022;135.45;
20/12/2022;132.30;
19/12/2022;132.37;
16/12/2022;134.51;
15/12/2022;136.50;
14/12/2022;143.21;
13/12/2022;145.47;
12/12/2022;144.49;
09/12/2022;142.16;
08/12/2022;142.65;
07/12/2022;140.94;
06/12/2022;142.91;
05/12/2022;146.63;
02/12/2022;147.81;
01/12/2022;148.31;
30/11/2022;148.03;
29/11/2022;141.17;
28/11/2022;144.22;
25/11/2022;148.11;
23/11/2022;151.07;
22/11/2022;150.18;
21/11/2022;148.01;
18/11/2022;151.29;
17/11/2022;150.72;
16/11/2022;148.79;
15/11/2022;150.04;
14/11/2022;148.28;
11/11/2022;149.70;
10/11/2022;146.87;
09/11/2022;134.87;
08/11/2022;139.50;
07/11/2022;138.92;
04/11/2022;138.38;
03/11/2022;138.88;
02/11/2022;145.03;
01/11/2022;150.65;
31/10/2022;153.34;
28/10/2022;155.74;
27/10/2022;144.80;
26/10/2022;149.35;
25/10/2022;152.34;
24/10/2022;149.45;
21/10/2022;147.27;
20/10/2022;143.39;
19/10/2022;143.86;
18/10/2022;143.75;
17/10/2022;142.41;
14/10/2022;138.38;
13/10/2022;142.99;
12/10/2022;138.34;
11/10/2022;138.98;
10/10/2022;140.42;
07/10/2022;140.09;
06/10/2022;145.43;
05/10/2022;146.40;
04/10/2022;146.10;
03/10/2022;142.45;
30/09/2022;138.20;
29/09/2022;142.48;
28/09/2022;149.84;
27/09/2022;151.76;
26/09/2022;150.77;
23/09/2022;150.43;
22/09/2022;152.74;
21/09/2022;153.72;
20/09/2022;156.90;
19/09/2022;154.48;
16/09/2022;150.70;
15/09/2022;152.37;
14/09/2022;155.31;
13/09/2022;153.84;
12/09/2022;163.43;
09/09/2022;157.37;
08/09/2022;154.46;
07/09/2022;155.96;
06/09/2022;154.53;
02/09/2022;155.81;
01/09/2022;157.96;
31/08/2022;157.22;
30/08/2022;158.91;
29/08/2022;161.38;
26/08/2022;163.62;
25/08/2022;170.03;
24/08/2022;167.53;
23/08/2022;167.23;
22/08/2022;167.57;
19/08/2022;171.52;
18/08/2022;174.15;
17/08/2022;174.55;
16/08/2022;173.03;
15/08/2022;173.19;
12/08/2022;172.10;
11/08/2022;168.49;
10/08/2022;169.24;
09/08/2022;164.92;
08/08/2022;164.87;
05/08/2022;165.35;
04/08/2022;165.81;
03/08/2022;166.13;
02/08/2022;160.01;
01/08/2022;161.51;
29/07/2022;162.51;
28/07/2022;157.35;
27/07/2022;156.79;
26/07/2022;151.60;
25/07/2022;152.95;
22/07/2022;154.09;
21/07/2022;155.35;
20/07/2022;153.04;
19/07/2022;151.00;
18/07/2022;147.07;
15/07/2022;150.17;
14/07/2022;148.47;
13/07/2022;145.49;
12/07/2022;145.86;
11/07/2022;144.87;
08/07/2022;147.04;
07/07/2022;146.35;
06/07/2022;142.92;
05/07/2022;141.56;
01/07/2022;138.93;
30/06/2022;136.72;
29/06/2022;139.23;
28/06/2022;137.44;
27/06/2022;141.66;
24/06/2022;141.66;
23/06/2022;138.27;
22/06/2022;135.35;
21/06/2022;135.87;
17/06/2022;131.56;
16/06/2022;130.06;
15/06/2022;135.43;
14/06/2022;132.76;
13/06/2022;131.88;
10/06/2022;137.13;
09/06/2022;142.64;
08/06/2022;147.96;
07/06/2022;148.71;
06/06/2022;146.14;
03/06/2022;145.38;
02/06/2022;151.21;
01/06/2022;148.71;
31/05/2022;148.84;
27/05/2022;149.64;
26/05/2022;143.78;
25/05/2022;140.52;
24/05/2022;140.36;
23/05/2022;143.11;
20/05/2022;137.59;
19/05/2022;137.35;
18/05/2022;140.82;
17/05/2022;149.24;
16/05/2022;145.54;
13/05/2022;147.11;
12/05/2022;142.56;
11/05/2022;146.50;
10/05/2022;154.51;
09/05/2022;152.06;
06/05/2022;157.28;
05/05/2022;156.77;
04/05/2022;166.02;
03/05/2022;159.48;
02/05/2022;157.96;
29/04/2022;157.65;
28/04/2022;163.64;
27/04/2022;156.57;
26/04/2022;156.80;
25/04/2022;162.88;
22/04/2022;161.79;
21/04/2022;166.42;
20/04/2022;167.23;
19/04/2022;167.40;
18/04/2022;165.07;
14/04/2022;165.29;
13/04/2022;170.40;
12/04/2022;167.66;
11/04/2022;165.75;
08/04/2022;170.09;
07/04/2022;172.14;
06/04/2022;171.83;
05/04/2022;175.06;
04/04/2022;178.44;
01/04/2022;174.31;
31/03/2022;174.61;
30/03/2022;177.77;
29/03/2022;178.96;
28/03/2022;175.60;
25/03/2022;174.72;
24/03/2022;174.07;
23/03/2022;170.21;
22/03/2022;168.82;
21/03/2022;165.38;
18/03/2022;163.98;
17/03/2022;160.62;
16/03/2022;159.59;
15/03/2022;155.09;
14/03/2022;150.62;
11/03/2022;154.73;
10/03/2022;158.52;
09/03/2022;162.95;
08/03/2022;157.44;
07/03/2022;159.30;
04/03/2022;163.17;
03/03/2022;166.23;
02/03/2022;166.56;
01/03/2022;163.20;
28/02/2022;165.12;
25/02/2022;164.85;
24/02/2022;162.74;
23/02/2022;160.07;
22/02/2022;164.32;
18/02/2022;167.30;
17/02/2022;168.88;
16/02/2022;172.55;
15/02/2022;172.79;
14/02/2022;168.88;
11/02/2022;168.64;
10/02/2022;172.12;
09/02/2022;176.28;
08/02/2022;174.83;
07/02/2022;171.66;
04/02/2022;172.39;
03/02/2022;172.90;
02/02/2022;175.84;
01/02/2022;174.61;
31/01/2022;174.78;
28/01/2022;170.33;
27/01/2022;159.22;
26/01/2022;159.69;
25/01/2022;159.78;
24/01/2022;161.62;
21/01/2022;162.41;
20/01/2022;164.51;
19/01/2022;166.23;
18/01/2022;169.80;
14/01/2022;173.07;
13/01/2022;172.19;
12/01/2022;175.53;
11/01/2022;175.08;
10/01/2022;172.19;
07/01/2022;172.17;
06/01/2022;172.00;
05/01/2022;174.92;
04/01/2022;179.70;
03/01/2022;182.01;
31/12/2021;177.57;
30/12/2021;178.20;
29/12/2021;179.38;
28/12/2021;179.29;
27/12/2021;180.33;
23/12/2021;176.28;
22/12/2021;175.64;
21/12/2021;172.99;
20/12/2021;169.75;
17/12/2021;171.14;
16/12/2021;172.26;
15/12/2021;179.30;
14/12/2021;174.33;
13/12/2021;175.74;
10/12/2021;179.45;
09/12/2021;174.56;
08/12/2021;175.08;
07/12/2021;171.18;
06/12/2021;165.32;
03/12/2021;161.84;
02/12/2021;163.76;
01/12/2021;164.77;
30/11/2021;165.30;
29/11/2021;160.24;
26/11/2021;156.81;
24/11/2021;161.94;
23/11/2021;161.41;
22/11/2021;161.02;
19/11/2021;160.55;
18/11/2021;157.87;
17/11/2021;153.49;
16/11/2021;151.00;
15/11/2021;150.00;
12/11/2021;149.99;
11/11/2021;147.87;
10/11/2021;147.92;
09/11/2021;150.81;
08/11/2021;150.44;
05/11/2021;151.28;
04/11/2021;150.96;
03/11/2021;151.49;
02/11/2021;150.02;
01/11/2021;148.96;
29/10/2021;149.80;
28/10/2021;152.57;
27/10/2021;148.85;
26/10/2021;149.32;
25/10/2021;148.64;
22/10/2021;148.69;
21/10/2021;149.48;
20/10/2021;149.26;
19/10/2021;148.76;
18/10/2021;146.55;
15/10/2021;144.84;
14/10/2021;143.76;
13/10/2021;140.91;
12/10/2021;141.51;
11/10/2021;142.81;
08/10/2021;142.90;
07/10/2021;143.29;
06/10/2021;142.00;
05/10/2021;141.11;
04/10/2021;139.14;
01/10/2021;142.65;
30/09/2021;141.50;
29/09/2021;142.83;
28/09/2021;141.91;
27/09/2021;145.37;
24/09/2021;146.92;
23/09/2021;146.83;
22/09/2021;145.85;
21/09/2021;143.43;
20/09/2021;142.94;
17/09/2021;146.06;
16/09/2021;148.79;
15/09/2021;149.03;
14/09/2021;148.12;
13/09/2021;149.55;
10/09/2021;148.97;
09/09/2021;154.07;
08/09/2021;155.11;
07/09/2021;156.69;
03/09/2021;154.30;
02/09/2021;153.65;
01/09/2021;152.51;
31/08/2021;151.83;
30/08/2021;153.12;
27/08/2021;148.60;
26/08/2021;147.54;
25/08/2021;148.36;
24/08/2021;149.62;
23/08/2021;149.71;
20/08/2021;148.19;
19/08/2021;146.70;
18/08/2021;146.36;
17/08/2021;150.19;
16/08/2021;151.12;
13/08/2021;149.10;
12/08/2021;148.89;
11/08/2021;145.86;
10/08/2021;145.60;
09/08/2021;146.09;
06/08/2021;146.14;
05/08/2021;147.06;
04/08/2021;146.95;
03/08/2021;147.36;
02/08/2021;145.52;
30/07/2021;145.86;
29/07/2021;145.64;
28/07/2021;144.98;
27/07/2021;146.77;
26/07/2021;148.99;
23/07/2021;148.56;
22/07/2021;146.80;
21/07/2021;145.40;
20/07/2021;146.15;
19/07/2021;142.45;
16/07/2021;146.39;
15/07/2021;148.48;
14/07/2021;149.15;
13/07/2021;145.64;
12/07/2021;144.50;
09/07/2021;145.11;
08/07/2021;143.24;
07/07/2021;144.57;
06/07/2021;142.02;
02/07/2021;139.96;
01/07/2021;137.27;
30/06/2021;136.96;
29/06/2021;136.33;
28/06/2021;134.78;
25/06/2021;133.11;
24/06/2021;133.41;
23/06/2021;133.70;
22/06/2021;133.98;
21/06/2021;132.30;
18/06/2021;130.46;
17/06/2021;131.79;
16/06/2021;130.15;
15/06/2021;129.64;
14/06/2021;130.48;
11/06/2021;127.35;
10/06/2021;126.11;
09/06/2021;127.13;
08/06/2021;126.74;
07/06/2021;125.90;
04/06/2021;125.89;
03/06/2021;123.54;
02/06/2021;125.06;
01/06/2021;124.28;
28/05/2021;124.61;
27/05/2021;125.28;
26/05/2021;126.85;
25/05/2021;126.90;
24/05/2021;127.10;
21/05/2021;125.43;
20/05/2021;127.31;
19/05/2021;124.69;
18/05/2021;124.85;
17/05/2021;126.27;
14/05/2021;127.45;
13/05/2021;124.97;
12/05/2021;122.77;
11/05/2021;125.91;
10/05/2021;126.85;
07/05/2021;130.21;
06/05/2021;129.74;
05/05/2021;128.10;
04/05/2021;127.85;
03/05/2021;132.54;
30/04/2021;131.46;
29/04/2021;133.48;
28/04/2021;133.58;
27/04/2021;134.39;
26/04/2021;134.72;
23/04/2021;134.32;
22/04/2021;131.94;
21/04/2021;133.50;
20/04/2021;133.11;
19/04/2021;134.84;
16/04/2021;134.16;
15/04/2021;134.50;
14/04/2021;132.03;
13/04/2021;134.43;
12/04/2021;131.24;
09/04/2021;132.99;
08/04/2021;130.36;
07/04/2021;127.90;
06/04/2021;126.21;
05/04/2021;125.90;
01/04/2021;123.00;
31/03/2021;122.15;
30/03/2021;119.90;
29/03/2021;121.39;
26/03/2021;121.21;
25/03/2021;120.59;
24/03/2021;120.09;
23/03/2021;122.54;
22/03/2021;123.39;
19/03/2021;119.99;
18/03/2021;120.53;
17/03/2021;124.76;
16/03/2021;125.57;
15/03/2021;123.99;
12/03/2021;121.03;
11/03/2021;121.96;
10/03/2021;119.98;
09/03/2021;121.08;
08/03/2021;116.36;
05/03/2021;121.42;
04/03/2021;120.13;
03/03/2021;122.06;
02/03/2021;125.12;
01/03/2021;127.79;
26/02/2021;121.26;
25/02/2021;120.99;
24/02/2021;125.35;
23/02/2021;125.86;
22/02/2021;126.00;
19/02/2021;129.87;
18/02/2021;129.71;
17/02/2021;130.84;
16/02/2021;133.19;
12/02/2021;135.37;
11/02/2021;135.13;
10/02/2021;135.39;
09/02/2021;136.01;
08/02/2021;136.91;
05/02/2021;136.76;
04/02/2021;137.39;
03/02/2021;133.94;
02/02/2021;134.99;
01/02/2021;134.14;
29/01/2021;131.96;
28/01/2021;137.09;
27/01/2021;142.06;
26/01/2021;143.16;
25/01/2021;142.92;
22/01/2021;139.07;
21/01/2021;136.87;
20/01/2021;132.03;
19/01/2021;127.83;
15/01/2021;127.14;
14/01/2021;128.91;
13/01/2021;130.89;
12/01/2021;128.80;
11/01/2021;128.98;
08/01/2021;132.05;
07/01/2021;130.92;
06/01/2021;126.60;
05/01/2021;131.01;
04/01/2021;129.41;
31/12/2020;132.69;
30/12/2020;133.72;
29/12/2020;134.87;
28/12/2020;136.69;
24/12/2020;131.97;
23/12/2020;130.96;
22/12/2020;131.88;
21/12/2020;128.23;
18/12/2020;126.65;
17/12/2020;128.70;
16/12/2020;127.81;
15/12/2020;127.88;
14/12/2020;121.78;
11/12/2020;122.41;
10/12/2020;123.24;
09/12/2020;121.78;
08/12/2020;124.38;
07/12/2020;123.75;
04/12/2020;122.25;
03/12/2020;122.94;
02/12/2020;123.08;
01/12/2020;122.72;
30/11/2020;119.05;
27/11/2020;116.59;
25/11/2020;116.03;
24/11/2020;115.17;
23/11/2020;113.85;
20/11/2020;117.34;
19/11/2020;118.64;
18/11/2020;118.03;
17/11/2020;119.39;
16/11/2020;120.30;
13/11/2020;119.26;
12/11/2020;119.21;
11/11/2020;119.49;
10/11/2020;115.97;
09/11/2020;116.32;
06/11/2020;118.69;
05/11/2020;119.03;
04/11/2020;114.95;
03/11/2020;110.44;
02/11/2020;108.77;
30/10/2020;108.86;
29/10/2020;115.32;
28/10/2020;111.20;
27/10/2020;116.60;
26/10/2020;115.05;
23/10/2020;115.04;
22/10/2020;115.75;
21/10/2020;116.87;
20/10/2020;117.51;
19/10/2020;115.98;
16/10/2020;119.02;
15/10/2020;120.71;
14/10/2020;121.19;
13/10/2020;121.10;
12/10/2020;124.40;
09/10/2020;116.97;
08/10/2020;114.97;
07/10/2020;115.08;
06/10/2020;113.16;
05/10/2020;116.50;
02/10/2020;113.02;
01/10/2020;116.79;
30/09/2020;115.81;
29/09/2020;114.09;
28/09/2020;114.96;
25/09/2020;112.28;
24/09/2020;108.22;
23/09/2020;107.12;
22/09/2020;111.81;
21/09/2020;110.08;
18/09/2020;106.84;
17/09/2020;110.34;
16/09/2020;112.13;
15/09/2020;115.54;
14/09/2020;115.35;
11/09/2020;112.00;
10/09/2020;113.49;
09/09/2020;117.32;
08/09/2020;112.82;
04/09/2020;120.96;
03/09/2020;120.88;
02/09/2020;131.40;
01/09/2020;134.18;
31/08/2020;129.04;
28/08/2020;124.80;
27/08/2020;125.01;
26/08/2020;126.52;
25/08/2020;124.82;
24/08/2020;125.85;
21/08/2020;124.37;
20/08/2020;118.27;
19/08/2020;115.70;
18/08/2020;115.56;
17/08/2020;114.60;
14/08/2020;114.90;
13/08/2020;115.01;
12/08/2020;113.01;
11/08/2020;109.37;
10/08/2020;112.72;
07/08/2020;111.11;
06/08/2020;113.90;
05/08/2020;110.06;
04/08/2020;109.66;
03/08/2020;108.93;
31/07/2020;106.26;
30/07/2020;96.19;
29/07/2020;95.04;
28/07/2020;93.25;
27/07/2020;94.81;
24/07/2020;92.61;
23/07/2020;92.84;
22/07/2020;97.27;
21/07/2020;97.00;
20/07/2020;98.35;
17/07/2020;96.32;
16/07/2020;96.52;
15/07/2020;97.72;
14/07/2020;97.05;
13/07/2020;95.47;
10/07/2020;95.92;
09/07/2020;95.68;
08/07/2020;95.34;
07/07/2020;93.17;
06/07/2020;93.46;
02/07/2020;91.02;
01/07/2020;91.02;
30/06/2020;91.20;
29/06/2020;90.44;
26/06/2020;88.40;
25/06/2020;91.21;
24/06/2020;90.01;
23/06/2020;91.63;
22/06/2020;89.71;
19/06/2020;87.43;
18/06/2020;87.93;
17/06/2020;87.89;
16/06/2020;88.02;
15/06/2020;85.74;
12/06/2020;84.70;
11/06/2020;83.97;
10/06/2020;88.21;
09/06/2020;85.99;
08/06/2020;83.36;
05/06/2020;82.87;
04/06/2020;80.58;
03/06/2020;81.28;
02/06/2020;80.83;
01/06/2020;80.46;
29/05/2020;79.48;
28/05/2020;79.56;
27/05/2020;79.52;
26/05/2020;79.18;
22/05/2020;79.72;
21/05/2020;79.21;
20/05/2020;79.80;
19/05/2020;78.28;
18/05/2020;78.74;
15/05/2020;76.92;
14/05/2020;77.38;
13/05/2020;76.91;
12/05/2020;77.85;
11/05/2020;78.75;
08/05/2020;77.53;
07/05/2020;75.93;
06/05/2020;75.15;
05/05/2020;74.39;
04/05/2020;73.29;
01/05/2020;72.26;
30/04/2020;73.45;
29/04/2020;71.93;
28/04/2020;69.64;
27/04/2020;70.79;
24/04/2020;70.74;
23/04/2020;68.75;
22/04/2020;69.02;
21/04/2020;67.09;
20/04/2020;69.23;
17/04/2020;70.70;
16/04/2020;71.67;
15/04/2020;71.10;
14/04/2020;71.76;
13/04/2020;68.31;
09/04/2020;66.99;
08/04/2020;66.51;
07/04/2020;64.85;
06/04/2020;65.61;
03/04/2020;60.35;
02/04/2020;61.23;
01/04/2020;60.22;
31/03/2020;63.57;
30/03/2020;63.70;
27/03/2020;61.93;
26/03/2020;64.61;
25/03/2020;61.38;
24/03/2020;61.72;
23/03/2020;56.09;
20/03/2020;57.31;
19/03/2020;61.19;
18/03/2020;61.66;
17/03/2020;63.21;
16/03/2020;60.55;
13/03/2020;69.49;
12/03/2020;62.05;
11/03/2020;68.85;
10/03/2020;71.33;
09/03/2020;66.54;
06/03/2020;72.25;
05/03/2020;73.23;
04/03/2020;75.68;
03/03/2020;72.33;
02/03/2020;74.70;
28/02/2020;68.34;
27/02/2020;68.38;
26/02/2020;73.16;
25/02/2020;72.02;
24/02/2020;74.54;
21/02/2020;78.26;
20/02/2020;80.07;
19/02/2020;80.90;
18/02/2020;79.75;
14/02/2020;81.23;
13/02/2020;81.21;
12/02/2020;81.80;
11/02/2020;79.90;
10/02/2020;80.38;
07/02/2020;80.00;
06/02/2020;81.30;
05/02/2020;80.36;
04/02/2020;79.71;
03/02/2020;77.16;
31/01/2020;77.37;
30/01/2020;80.96;
29/01/2020;81.08;
28/01/2020;79.42;
27/01/2020;77.23;
24/01/2020;79.57;
23/01/2020;79.80;
22/01/2020;79.42;
21/01/2020;79.14;
17/01/2020;79.68;
16/01/2020;78.81;
15/01/2020;77.83;
14/01/2020;78.17;
13/01/2020;79.24;
10/01/2020;77.58;
09/01/2020;77.40;
08/01/2020;75.79;
07/01/2020;74.59;
06/01/2020;74.95;
03/01/2020;74.35;
02/01/2020;75.08;
31/12/2019;73.41;
30/12/2019;72.88;
27/12/2019;72.45;
26/12/2019;72.47;
24/12/2019;71.06;
23/12/2019;71.00;
20/12/2019;69.86;
19/12/2019;70.00;
18/12/2019;69.93;
17/12/2019;70.10;
16/12/2019;69.96;
13/12/2019;68.78;
12/12/2019;67.86;
11/12/2019;67.69;
10/12/2019;67.12;
09/12/2019;66.73;
06/12/2019;67.67;
05/12/2019;66.39;
04/12/2019;65.43;
03/12/2019;64.86;
02/12/2019;66.04;
29/11/2019;66.81;
27/11/2019;66.96;
26/11/2019;66.07;
25/11/2019;66.59;
22/11/2019;65.44;
21/11/2019;65.50;
20/11/2019;65.79;
19/11/2019;66.57;
18/11/2019;66.77;
15/11/2019;66.44;
14/11/2019;65.66;
13/11/2019;66.11;
12/11/2019;65.49;
11/11/2019;65.55;
08/11/2019;65.03;
07/11/2019;64.85;
06/11/2019;64.31;
05/11/2019;64.28;
04/11/2019;64.37;
01/11/2019;63.95;
31/10/2019;62.19;
30/10/2019;60.81;
29/10/2019;60.82;
28/10/2019;62.26;
25/10/2019;61.64;
24/10/2019;60.89;
23/10/2019;60.79;
22/10/2019;59.99;
21/10/2019;60.12;
18/10/2019;59.10;
17/10/2019;58.82;
16/10/2019;58.59;
15/10/2019;58.83;
14/10/2019;58.96;
11/10/2019;59.05;
10/10/2019;57.52;
09/10/2019;56.75;
08/10/2019;56.10;
07/10/2019;56.76;
04/10/2019;56.75;
03/10/2019;55.20;
02/10/2019;54.74;
01/10/2019;56.14;
30/09/2019;55.99;
27/09/2019;54.70;
26/09/2019;54.97;
25/09/2019;55.25;
24/09/2019;54.42;
23/09/2019;54.68;
20/09/2019;54.43;
19/09/2019;55.24;
18/09/2019;55.69;
17/09/2019;55.17;
16/09/2019;54.97;
13/09/2019;54.68;
12/09/2019;55.77;
11/09/2019;55.89;
10/09/2019;54.17;
09/09/2019;53.54;
06/09/2019;53.31;
05/09/2019;53.32;
04/09/2019;52.29;
03/09/2019;51.42;
30/08/2019;52.18;
29/08/2019;52.25;
28/08/2019;51.38;
27/08/2019;51.04;
26/08/2019;51.62;
23/08/2019;50.66;
22/08/2019;53.11;
21/08/2019;53.16;
20/08/2019;52.59;
19/08/2019;52.58;
16/08/2019;51.62;
15/08/2019;50.43;
14/08/2019;50.68;
13/08/2019;52.24;
12/08/2019;50.12;
09/08/2019;50.24;
08/08/2019;50.85;
07/08/2019;49.76;
06/08/2019;49.25;
05/08/2019;48.33;
02/08/2019;51.00;
01/08/2019;52.10;
31/07/2019;53.26;
30/07/2019;52.19;
29/07/2019;52.42;
26/07/2019;51.93;
25/07/2019;51.75;
24/07/2019;52.16;
23/07/2019;52.21;
22/07/2019;51.80;
19/07/2019;50.64;
18/07/2019;51.41;
17/07/2019;50.83;
16/07/2019;51.12;
15/07/2019;51.30;
12/07/2019;50.82;
11/07/2019;50.43;
10/07/2019;50.80;
09/07/2019;50.31;
08/07/2019;50.00;
05/07/2019;51.05;
03/07/2019;51.10;
02/07/2019;50.68;
01/07/2019;50.38;
28/06/2019;49.48;
27/06/2019;49.93;
26/06/2019;49.95;
25/06/2019;48.89;
24/06/2019;49.64;
21/06/2019;49.69;
20/06/2019;49.86;
19/06/2019;49.46;
18/06/2019;49.61;
17/06/2019;48.47;
14/06/2019;48.18;
13/06/2019;48.53;
12/06/2019;48.54;
11/06/2019;48.70;
10/06/2019;48.14;
07/06/2019;47.53;
06/06/2019;46.30;
05/06/2019;45.63;
04/06/2019;44.91;
03/06/2019;43.32;
31/05/2019;43.76;
30/05/2019;44.57;
29/05/2019;44.34;
28/05/2019;44.55;
24/05/2019;44.74;
23/05/2019;44.91;
22/05/2019;45.69;
21/05/2019;46.65;
20/05/2019;45.77;
17/05/2019;47.25;
16/05/2019;47.52;
15/05/2019;47.73;
14/05/2019;47.16;
13/05/2019;46.43;
10/05/2019;49.29;
09/05/2019;50.18;
08/05/2019;50.72;
07/05/2019;50.71;
06/05/2019;52.12;
03/05/2019;52.93;
02/05/2019;52.28;
01/05/2019;52.63;
30/04/2019;50.16;
29/04/2019;51.15;
26/04/2019;51.07;
25/04/2019;51.32;
24/04/2019;51.79;
23/04/2019;51.87;
22/04/2019;51.13;
18/04/2019;50.96;
17/04/2019;50.78;
16/04/2019;49.81;
15/04/2019;49.80;
12/04/2019;49.71;
11/04/2019;49.73;
10/04/2019;50.15;
09/04/2019;49.87;
08/04/2019;50.02;
05/04/2019;49.25;
04/04/2019;48.92;
03/04/2019;48.83;
02/04/2019;48.50;
01/04/2019;47.81;
29/03/2019;47.48;
28/03/2019;47.18;
27/03/2019;47.11;
26/03/2019;46.69;
25/03/2019;47.18;
22/03/2019;47.76;
21/03/2019;48.77;
20/03/2019;47.04;
19/03/2019;46.63;
18/03/2019;47.00;
15/03/2019;46.53;
14/03/2019;45.93;
13/03/2019;45.42;
12/03/2019;45.22;
11/03/2019;44.72;
08/03/2019;43.22;
07/03/2019;43.12;
06/03/2019;43.63;
05/03/2019;43.88;
04/03/2019;43.96;
01/03/2019;43.74;
28/02/2019;43.28;
27/02/2019;43.71;
26/02/2019;43.58;
25/02/2019;43.55;
22/02/2019;43.24;
21/02/2019;42.76;
20/02/2019;43.00;
19/02/2019;42.73;
15/02/2019;42.60;
14/02/2019;42.70;
13/02/2019;42.54;
12/02/2019;42.72;
11/02/2019;42.35;
08/02/2019;42.60;
07/02/2019;42.73;
06/02/2019;43.56;
05/02/2019;43.54;
04/02/2019;42.81;
01/02/2019;41.63;
31/01/2019;41.61;
30/01/2019;41.31;
29/01/2019;38.67;
28/01/2019;39.07;
25/01/2019;39.44;
24/01/2019;38.17;
23/01/2019;38.48;
22/01/2019;38.32;
18/01/2019;39.20;
17/01/2019;38.96;
16/01/2019;38.73;
15/01/2019;38.26;
14/01/2019;37.50;
11/01/2019;38.07;
10/01/2019;38.45;
09/01/2019;38.32;
08/01/2019;37.68;
07/01/2019;36.98;
04/01/2019;37.06;
03/01/2019;35.54;
02/01/2019;39.48;
31/12/2018;39.43;
28/12/2018;39.05;
27/12/2018;39.03;
26/12/2018;39.29;
24/12/2018;36.70;
21/12/2018;37.68;
20/12/2018;39.20;
19/12/2018;40.22;
18/12/2018;41.51;
17/12/2018;40.98;
14/12/2018;41.37;
13/12/2018;42.73;
12/12/2018;42.27;
11/12/2018;42.15;
10/12/2018;42.40;
07/12/2018;42.12;
06/12/2018;43.68;
04/12/2018;44.17;
03/12/2018;46.20;
30/11/2018;44.64;
29/11/2018;44.88;
28/11/2018;45.23;
27/11/2018;43.56;
26/11/2018;43.65;
23/11/2018;43.07;
21/11/2018;44.19;
20/11/2018;44.24;
19/11/2018;46.46;
16/11/2018;48.38;
15/11/2018;47.85;
14/11/2018;46.70;
13/11/2018;48.05;
12/11/2018;48.54;
09/11/2018;51.11;
08/11/2018;52.12;
07/11/2018;52.48;
06/11/2018;50.94;
05/11/2018;50.39;
02/11/2018;51.87;
01/11/2018;55.55;
31/10/2018;54.71;
30/10/2018;53.32;
29/10/2018;53.06;
26/10/2018;54.07;
25/10/2018;54.95;
24/10/2018;53.77;
23/10/2018;55.68;
22/10/2018;55.16;
19/10/2018;54.82;
18/10/2018;54.00;
17/10/2018;55.29;
16/10/2018;55.53;
15/10/2018;54.34;
12/10/2018;55.52;
11/10/2018;53.61;
10/10/2018;54.09;
09/10/2018;56.71;
08/10/2018;55.94;
05/10/2018;56.07;
04/10/2018;56.99;
03/10/2018;58.01;
02/10/2018;57.32;
01/10/2018;56.81;
28/09/2018;56.43;
27/09/2018;56.23;
26/09/2018;55.10;
25/09/2018;55.54;
24/09/2018;55.19;
21/09/2018;54.41;
20/09/2018;55.00;
19/09/2018;54.59;
18/09/2018;54.56;
17/09/2018;54.47;
14/09/2018;55.96;
13/09/2018;56.60;
12/09/2018;55.26;
11/09/2018;55.96;
10/09/2018;54.58;
07/09/2018;55.32;
06/09/2018;55.77;
05/09/2018;56.71;
04/09/2018;57.09;
31/08/2018;56.90;
30/08/2018;56.25;
29/08/2018;55.74;
28/08/2018;54.92;
27/08/2018;54.48;
24/08/2018;54.04;
23/08/2018;53.87;
22/08/2018;53.76;
21/08/2018;53.76;
20/08/2018;53.86;
17/08/2018;54.39;
16/08/2018;53.33;
15/08/2018;52.56;
14/08/2018;52.43;
13/08/2018;52.21;
10/08/2018;51.88;
09/08/2018;52.22;
08/08/2018;51.81;
07/08/2018;51.77;
06/08/2018;52.26;
03/08/2018;51.99;
02/08/2018;51.84;
01/08/2018;50.37;
31/07/2018;47.57;
30/07/2018;47.47;
27/07/2018;47.74;
26/07/2018;48.55;
25/07/2018;48.70;
24/07/2018;48.25;
23/07/2018;47.90;
20/07/2018;47.86;
19/07/2018;47.97;
18/07/2018;47.60;
17/07/2018;47.86;
16/07/2018;47.72;
13/07/2018;47.83;
12/07/2018;47.75;
11/07/2018;46.97;
10/07/2018;47.58;
09/07/2018;47.64;
06/07/2018;46.99;
05/07/2018;46.35;
03/07/2018;45.98;
02/07/2018;46.79;
29/06/2018;46.27;
28/06/2018;46.37;
27/06/2018;46.04;
26/06/2018;46.10;
25/06/2018;45.54;
22/06/2018;46.23;
21/06/2018;46.36;
20/06/2018;46.62;
19/06/2018;46.42;
18/06/2018;47.18;
15/06/2018;47.21;
14/06/2018;47.70;
13/06/2018;47.67;
12/06/2018;48.07;
11/06/2018;47.80;
08/06/2018;47.92;
07/06/2018;48.36;
06/06/2018;48.49;
05/06/2018;48.32;
04/06/2018;47.95;
01/06/2018;47.56;
31/05/2018;46.71;
30/05/2018;46.87;
29/05/2018;46.97;
25/05/2018;47.14;
24/05/2018;47.03;
23/05/2018;47.09;
22/05/2018;46.79;
21/05/2018;46.90;
18/05/2018;46.57;
17/05/2018;46.74;
16/05/2018;47.04;
15/05/2018;46.61;
14/05/2018;47.03;
11/05/2018;47.14;
10/05/2018;47.51;
09/05/2018;46.84;
08/05/2018;46.51;
07/05/2018;46.29;
04/05/2018;45.95;
03/05/2018;44.22;
02/05/2018;44.14;
01/05/2018;42.27;
30/04/2018;41.31;
27/04/2018;40.58;
26/04/2018;41.05;
25/04/2018;40.91;
24/04/2018;40.73;
23/04/2018;41.31;
20/04/2018;41.43;
19/04/2018;43.20;
18/04/2018;44.46;
17/04/2018;44.56;
16/04/2018;43.95;
13/04/2018;43.68;
12/04/2018;43.53;
11/04/2018;43.11;
10/04/2018;43.31;
09/04/2018;42.51;
06/04/2018;42.09;
05/04/2018;43.20;
04/04/2018;42.90;
03/04/2018;42.09;
02/04/2018;41.67;
29/03/2018;41.94;
28/03/2018;41.62;
27/03/2018;42.08;
26/03/2018;43.19;
23/03/2018;41.23;
22/03/2018;42.21;
21/03/2018;42.81;
20/03/2018;43.81;
19/03/2018;43.82;
16/03/2018;44.50;
15/03/2018;44.66;
14/03/2018;44.61;
13/03/2018;44.99;
12/03/2018;45.43;
09/03/2018;44.99;
08/03/2018;44.23;
07/03/2018;43.75;
06/03/2018;44.16;
05/03/2018;44.20;
02/03/2018;44.05;
01/03/2018;43.75;
28/02/2018;44.53;
27/02/2018;44.59;
26/02/2018;44.74;
23/02/2018;43.87;
22/02/2018;43.12;
21/02/2018;42.76;
20/02/2018;42.96;
16/02/2018;43.10;
15/02/2018;43.24;
14/02/2018;41.84;
13/02/2018;41.08;
12/02/2018;40.67;
09/02/2018;39.10;
08/02/2018;38.78;
07/02/2018;39.88;
06/02/2018;40.75;
05/02/2018;39.12;
02/02/2018;40.12;
01/02/2018;41.94;
31/01/2018;41.85;
30/01/2018;41.74;
29/01/2018;41.99;
26/01/2018;42.87;
25/01/2018;42.77;
24/01/2018;43.55;
23/01/2018;44.26;
22/01/2018;44.25;
19/01/2018;44.61;
18/01/2018;44.81;
17/01/2018;44.77;
16/01/2018;44.04;
12/01/2018;44.27;
11/01/2018;43.82;
10/01/2018;43.57;
09/01/2018;43.58;
08/01/2018;43.58;
05/01/2018;43.75;
04/01/2018;43.25;
03/01/2018;43.05;
02/01/2018;43.06;
29/12/2017;42.30;
28/12/2017;42.77;
27/12/2017;42.65;
26/12/2017;42.64;
22/12/2017;43.75;
21/12/2017;43.75;
20/12/2017;43.58;
19/12/2017;43.63;
18/12/2017;44.10;
15/12/2017;43.49;
14/12/2017;43.05;
13/12/2017;43.06;
12/12/2017;42.92;
11/12/2017;43.16;
08/12/2017;42.34;
07/12/2017;42.33;
06/12/2017;42.25;
05/12/2017;42.41;
04/12/2017;42.45;
01/12/2017;42.76;
30/11/2017;42.96;
29/11/2017;42.37;
28/11/2017;43.26;
27/11/2017;43.52;
24/11/2017;43.74;
22/11/2017;43.74;
21/11/2017;43.28;
20/11/2017;42.49;
17/11/2017;42.53;
16/11/2017;42.77;
15/11/2017;42.27;
14/11/2017;42.83;
13/11/2017;43.49;
10/11/2017;43.66;
09/11/2017;43.97;
08/11/2017;44.06;
07/11/2017;43.70;
06/11/2017;43.56;
03/11/2017;43.12;
02/11/2017;42.02;
01/11/2017;41.72;
31/10/2017;42.26;
30/10/2017;41.68;
27/10/2017;40.76;
26/10/2017;39.35;
25/10/2017;39.10;
24/10/2017;39.27;
23/10/2017;39.04;
20/10/2017;39.06;
19/10/2017;38.99;
18/10/2017;39.94;
17/10/2017;40.11;
16/10/2017;39.97;
13/10/2017;39.24;
12/10/2017;39.00;
11/10/2017;39.13;
10/10/2017;38.97;
09/10/2017;38.96;
06/10/2017;38.82;
05/10/2017;38.84;
04/10/2017;38.37;
03/10/2017;38.62;
02/10/2017;38.45;
29/09/2017;38.53;
28/09/2017;38.32;
27/09/2017;38.55;
26/09/2017;38.28;
25/09/2017;37.63;
22/09/2017;37.97;
21/09/2017;38.34;
20/09/2017;39.01;
19/09/2017;39.68;
18/09/2017;39.66;
15/09/2017;39.97;
14/09/2017;39.57;
13/09/2017;39.91;
12/09/2017;40.21;
11/09/2017;40.37;
08/09/2017;39.65;
07/09/2017;40.31;
06/09/2017;40.47;
05/09/2017;40.52;
01/09/2017;41.01;
31/08/2017;41.00;
30/08/2017;40.83;
29/08/2017;40.72;
28/08/2017;40.36;
25/08/2017;39.96;
24/08/2017;39.81;
23/08/2017;39.99;
22/08/2017;39.94;
21/08/2017;39.30;
18/08/2017;39.37;
17/08/2017;39.46;
16/08/2017;40.23;
15/08/2017;40.40;
14/08/2017;39.96;
11/08/2017;39.37;
10/08/2017;38.83;
09/08/2017;40.26;
08/08/2017;40.02;
07/08/2017;39.70;
04/08/2017;39.09;
03/08/2017;38.89;
02/08/2017;39.28;
01/08/2017;37.51;
31/07/2017;37.18;
28/07/2017;37.37;
27/07/2017;37.64;
26/07/2017;38.36;
25/07/2017;38.18;
24/07/2017;38.02;
21/07/2017;37.56;
20/07/2017;37.58;
19/07/2017;37.75;
18/07/2017;37.52;
17/07/2017;37.39;
14/07/2017;37.26;
13/07/2017;36.94;
12/07/2017;36.43;
11/07/2017;36.38;
10/07/2017;36.26;
07/07/2017;36.04;
06/07/2017;35.68;
05/07/2017;36.02;
03/07/2017;35.87;
30/06/2017;36.00;
29/06/2017;35.92;
28/06/2017;36.45;
27/06/2017;35.93;
26/06/2017;36.45;
23/06/2017;36.57;
22/06/2017;36.40;
21/06/2017;36.46;
20/06/2017;36.25;
19/06/2017;36.58;
16/06/2017;35.56;
15/06/2017;36.07;
14/06/2017;36.29;
13/06/2017;36.64;
12/06/2017;36.35;
09/06/2017;37.24;
08/06/2017;38.74;
07/06/2017;38.84;
06/06/2017;38.61;
05/06/2017;38.48;
02/06/2017;38.86;
01/06/2017;38.29;
31/05/2017;38.19;
30/05/2017;38.41;
26/05/2017;38.40;
25/05/2017;38.46;
24/05/2017;38.33;
23/05/2017;38.45;
22/05/2017;38.49;
19/05/2017;38.26;
18/05/2017;38.13;
17/05/2017;37.56;
16/05/2017;38.86;
15/05/2017;38.92;
12/05/2017;39.02;
11/05/2017;38.48;
10/05/2017;38.31;
09/05/2017;38.49;
08/05/2017;38.25;
05/05/2017;37.24;
04/05/2017;36.63;
03/05/2017;36.76;
02/05/2017;36.87;
01/05/2017;36.64;
28/04/2017;35.91;
27/04/2017;35.94;
26/04/2017;35.92;
25/04/2017;36.13;
24/04/2017;35.91;
21/04/2017;35.56;
20/04/2017;35.61;
19/04/2017;35.17;
18/04/2017;35.30;
17/04/2017;35.45;
13/04/2017;35.26;
12/04/2017;35.45;
11/04/2017;35.40;
10/04/2017;35.79;
07/04/2017;35.83;
06/04/2017;35.91;
05/04/2017;36.00;
04/04/2017;36.19;
03/04/2017;35.92;
31/03/2017;35.91;
30/03/2017;35.98;
29/03/2017;36.03;
28/03/2017;35.95;
27/03/2017;35.22;
24/03/2017;35.16;
23/03/2017;35.23;
22/03/2017;35.35;
21/03/2017;34.96;
20/03/2017;35.36;
17/03/2017;34.99;
16/03/2017;35.17;
15/03/2017;35.11;
14/03/2017;34.74;
13/03/2017;34.80;
10/03/2017;34.78;
09/03/2017;34.67;
08/03/2017;34.75;
07/03/2017;34.88;
06/03/2017;34.83;
03/03/2017;34.94;
02/03/2017;34.74;
01/03/2017;34.94;
28/02/2017;34.24;
27/02/2017;34.23;
24/02/2017;34.16;
23/02/2017;34.13;
22/02/2017;34.27;
21/02/2017;34.17;
17/02/2017;33.93;
16/02/2017;33.83;
15/02/2017;33.87;
14/02/2017;33.75;
13/02/2017;33.32;
10/02/2017;33.03;
09/02/2017;33.10;
08/02/2017;33.01;
07/02/2017;32.88;
06/02/2017;32.57;
03/02/2017;32.27;
02/02/2017;32.13;
01/02/2017;32.18;
31/01/2017;30.33;
30/01/2017;30.40;
27/01/2017;30.48;
26/01/2017;30.48;
25/01/2017;30.47;
24/01/2017;29.99;
23/01/2017;30.02;
20/01/2017;30.00;
19/01/2017;29.94;
18/01/2017;29.99;
17/01/2017;30.00;
13/01/2017;29.76;
12/01/2017;29.81;
11/01/2017;29.93;
10/01/2017;29.77;
09/01/2017;29.74;
06/01/2017;29.47;
05/01/2017;29.15;
04/01/2017;29.00;
03/01/2017;29.03;
30/12/2016;28.95;
29/12/2016;29.18;
28/12/2016;29.19;
27/12/2016;29.31;
23/12/2016;29.13;
22/12/2016;29.07;
21/12/2016;29.26;
20/12/2016;29.23;
19/12/2016;29.16;
16/12/2016;28.99;
15/12/2016;28.95;
14/12/2016;28.79;
13/12/2016;28.79;
12/12/2016;28.32;
09/12/2016;28.48;
08/12/2016;28.03;
07/12/2016;27.75;
06/12/2016;27.48;
05/12/2016;27.27;
02/12/2016;27.47;
01/12/2016;27.37;
30/11/2016;27.63;
29/11/2016;27.86;
28/11/2016;27.89;
25/11/2016;27.94;
23/11/2016;27.80;
22/11/2016;27.95;
21/11/2016;27.93;
18/11/2016;27.51;
17/11/2016;27.48;
16/11/2016;27.49;
15/11/2016;26.77;
14/11/2016;26.42;
11/11/2016;27.10;
10/11/2016;26.94;
09/11/2016;27.72;
08/11/2016;27.76;
07/11/2016;27.60;
04/11/2016;27.21;
03/11/2016;27.45;
02/11/2016;27.89;
01/11/2016;27.87;
31/10/2016;28.38;
28/10/2016;28.43;
27/10/2016;28.62;
26/10/2016;28.89;
25/10/2016;29.56;
24/10/2016;29.41;
21/10/2016;29.15;
20/10/2016;29.26;
19/10/2016;29.28;
18/10/2016;29.36;
17/10/2016;29.38;
14/10/2016;29.40;
13/10/2016;29.24;
12/10/2016;29.33;
11/10/2016;29.07;
10/10/2016;29.01;
07/10/2016;28.51;
06/10/2016;28.47;
05/10/2016;28.26;
04/10/2016;28.25;
03/10/2016;28.13;
30/09/2016;28.26;
29/09/2016;28.04;
28/09/2016;28.48;
27/09/2016;28.27;
26/09/2016;28.22;
23/09/2016;28.17;
22/09/2016;28.65;
21/09/2016;28.38;
20/09/2016;28.39;
19/09/2016;28.39;
16/09/2016;28.73;
15/09/2016;28.89;
14/09/2016;27.94;
13/09/2016;26.98;
12/09/2016;26.36;
09/09/2016;25.78;
08/09/2016;26.38;
07/09/2016;27.09;
06/09/2016;26.92;
02/09/2016;26.93;
01/09/2016;26.68;
31/08/2016;26.52;
30/08/2016;26.50;
29/08/2016;26.70;
26/08/2016;26.73;
25/08/2016;26.89;
24/08/2016;27.00;
23/08/2016;27.21;
22/08/2016;27.12;
19/08/2016;27.34;
18/08/2016;27.27;
17/08/2016;27.30;
16/08/2016;27.34;
15/08/2016;27.37;
12/08/2016;27.04;
11/08/2016;26.98;
10/08/2016;27.00;
09/08/2016;27.20;
08/08/2016;27.09;
05/08/2016;26.87;
04/08/2016;26.46;
03/08/2016;26.44;
02/08/2016;26.12;
01/08/2016;26.51;
29/07/2016;26.05;
28/07/2016;26.08;
27/07/2016;25.73;
26/07/2016;24.16;
25/07/2016;24.33;
22/07/2016;24.66;
21/07/2016;24.85;
20/07/2016;24.99;
19/07/2016;24.96;
18/07/2016;24.95;
15/07/2016;24.69;
14/07/2016;24.69;
13/07/2016;24.21;
12/07/2016;24.35;
11/07/2016;24.24;
08/07/2016;24.17;
07/07/2016;23.98;
06/07/2016;23.88;
05/07/2016;23.74;
01/07/2016;23.97;
30/06/2016;23.90;
29/06/2016;23.60;
28/06/2016;23.39;
27/06/2016;23.01;
24/06/2016;23.35;
23/06/2016;24.02;
22/06/2016;23.88;
21/06/2016;23.97;
20/06/2016;23.77;
17/06/2016;23.83;
16/06/2016;24.38;
15/06/2016;24.28;
14/06/2016;24.36;
13/06/2016;24.33;
10/06/2016;24.70;
09/06/2016;24.91;
08/06/2016;24.73;
07/06/2016;24.75;
06/06/2016;24.65;
03/06/2016;24.48;
02/06/2016;24.43;
01/06/2016;24.61;
31/05/2016;24.96;
27/05/2016;25.08;
26/05/2016;25.10;
25/05/2016;24.90;
24/05/2016;24.47;
23/05/2016;24.10;
20/05/2016;23.80;
19/05/2016;23.55;
18/05/2016;23.64;
17/05/2016;23.37;
16/05/2016;23.47;
13/05/2016;22.63;
12/05/2016;22.58;
11/05/2016;23.12;
10/05/2016;23.35;
09/05/2016;23.19;
06/05/2016;23.18;
05/05/2016;23.31;
04/05/2016;23.54;
03/05/2016;23.79;
02/05/2016;23.41;
29/04/2016;23.43;
28/04/2016;23.70;
27/04/2016;24.45;
26/04/2016;26.08;
25/04/2016;26.27;
22/04/2016;26.42;
21/04/2016;26.49;
20/04/2016;26.78;
19/04/2016;26.72;
18/04/2016;26.87;
15/04/2016;27.46;
14/04/2016;28.02;
13/04/2016;28.01;
12/04/2016;27.61;
11/04/2016;27.25;
08/04/2016;27.16;
07/04/2016;27.13;
06/04/2016;27.74;
05/04/2016;27.45;
04/04/2016;27.78;
01/04/2016;27.49;
31/03/2016;27.24;
30/03/2016;27.39;
29/03/2016;26.92;
28/03/2016;26.29;
24/03/2016;26.41;
23/03/2016;26.53;
22/03/2016;26.68;
21/03/2016;26.47;
18/03/2016;26.48;
17/03/2016;26.45;
16/03/2016;26.49;
15/03/2016;26.14;
14/03/2016;25.63;
11/03/2016;25.56;
10/03/2016;25.29;
09/03/2016;25.28;
08/03/2016;25.25;
07/03/2016;25.46;
04/03/2016;25.75;
03/03/2016;25.37;
02/03/2016;25.18;
01/03/2016;25.13;
29/02/2016;24.17;
26/02/2016;24.22;
25/02/2016;24.19;
24/02/2016;24.02;
23/02/2016;23.67;
22/02/2016;24.22;
19/02/2016;24.01;
18/02/2016;24.06;
17/02/2016;24.53;
16/02/2016;24.16;
12/02/2016;23.49;
11/02/2016;23.42;
10/02/2016;23.56;
09/02/2016;23.74;
08/02/2016;23.75;
05/02/2016;23.50;
04/02/2016;24.15;
03/02/2016;24.08;
02/02/2016;23.62;
01/02/2016;24.10;
29/01/2016;24.33;
28/01/2016;23.52;
27/01/2016;23.35;
26/01/2016;24.99;
25/01/2016;24.86;
22/01/2016;25.35;
21/01/2016;24.07;
20/01/2016;24.19;
19/01/2016;24.16;
15/01/2016;24.28;
14/01/2016;24.88;
13/01/2016;24.34;
12/01/2016;24.99;
11/01/2016;24.63;
08/01/2016;24.24;
07/01/2016;24.11;
06/01/2016;25.17;
05/01/2016;25.67;
04/01/2016;26.33;
31/12/2015;26.31;
30/12/2015;26.83;
29/12/2015;27.18;
28/12/2015;26.70;
24/12/2015;27.00;
23/12/2015;27.15;
22/12/2015;26.80;
21/12/2015;26.83;
18/12/2015;26.50;
17/12/2015;27.24;
16/12/2015;27.83;
15/12/2015;27.62;
14/12/2015;28.12;
11/12/2015;28.29;
10/12/2015;29.04;
09/12/2015;28.90;
08/12/2015;29.55;
07/12/2015;29.57;
04/12/2015;29.75;
03/12/2015;28.80;
02/12/2015;29.07;
01/12/2015;29.33;
30/11/2015;29.57;
27/11/2015;29.45;
25/11/2015;29.50;
24/11/2015;29.72;
23/11/2015;29.43;
20/11/2015;29.82;
19/11/2015;29.69;
18/11/2015;29.32;
17/11/2015;28.42;
16/11/2015;28.54;
13/11/2015;28.08;
12/11/2015;28.93;
11/11/2015;29.02;
10/11/2015;29.19;
09/11/2015;30.14;
06/11/2015;30.26;
05/11/2015;30.23;
04/11/2015;30.50;
03/11/2015;30.64;
02/11/2015;30.29;
30/10/2015;29.87;
29/10/2015;30.13;
28/10/2015;29.81;
27/10/2015;28.63;
26/10/2015;28.82;
23/10/2015;29.77;
22/10/2015;28.87;
21/10/2015;28.44;
20/10/2015;28.44;
19/10/2015;27.93;
16/10/2015;27.76;
15/10/2015;27.96;
14/10/2015;27.55;
13/10/2015;27.94;
12/10/2015;27.90;
09/10/2015;28.03;
08/10/2015;27.37;
07/10/2015;27.69;
06/10/2015;27.82;
05/10/2015;27.69;
02/10/2015;27.59;
01/10/2015;27.39;
30/09/2015;27.57;
29/09/2015;27.26;
28/09/2015;28.11;
25/09/2015;28.67;
24/09/2015;28.75;
23/09/2015;28.58;
22/09/2015;28.35;
21/09/2015;28.80;
18/09/2015;28.36;
17/09/2015;28.48;
16/09/2015;29.10;
15/09/2015;29.07;
14/09/2015;28.82;
11/09/2015;28.55;
10/09/2015;28.14;
09/09/2015;27.53;
08/09/2015;28.07;
04/09/2015;27.31;
03/09/2015;27.59;
02/09/2015;28.08;
01/09/2015;26.93;
31/08/2015;28.19;
28/08/2015;28.32;
27/08/2015;28.23;
26/08/2015;27.42;
25/08/2015;25.93;
24/08/2015;25.78;
21/08/2015;26.44;
20/08/2015;28.16;
19/08/2015;28.75;
18/08/2015;29.12;
17/08/2015;29.29;
14/08/2015;28.99;
13/08/2015;28.78;
12/08/2015;28.81;
11/08/2015;28.37;
10/08/2015;29.93;
07/08/2015;28.88;
06/08/2015;28.78;
05/08/2015;28.85;
04/08/2015;28.66;
03/08/2015;29.61;
31/07/2015;30.32;
30/07/2015;30.59;
29/07/2015;30.74;
28/07/2015;30.84;
27/07/2015;30.69;
24/07/2015;31.12;
23/07/2015;31.29;
22/07/2015;31.30;
21/07/2015;32.68;
20/07/2015;33.01;
17/07/2015;32.40;
16/07/2015;32.12;
15/07/2015;31.70;
14/07/2015;31.40;
13/07/2015;31.41;
