Date;Close;;;;;;
10/07/2025;1250.59;;;;;;
09/07/2025;1288.28;;;;;;
08/07/2025;1275.31;;;;;;
07/07/2025;1289.62;;;;;;
03/07/2025;1297.18;;;;;;
02/07/2025;1284.86;;;;;;
01/07/2025;1293.60;;;;;;
30/06/2025;1339.13;;;;;;
27/06/2025;1323.12;;;;;;
26/06/2025;1306.67;;;;;;
25/06/2025;1275.25;;;;;;
24/06/2025;1279.11;;;;;;
23/06/2025;1253.54;;;;;;
20/06/2025;1231.41;;;;;;
18/06/2025;1222.29;;;;;;
17/06/2025;1220.67;;;;;;
16/06/2025;1225.35;;;;;;
13/06/2025;1212.15;;;;;;
12/06/2025;1215.03;;;;;;
11/06/2025;1219.88;;;;;;
10/06/2025;1203.62;;;;;;
09/06/2025;1224.46;;;;;;
06/06/2025;1241.47;;;;;;
05/06/2025;1250.52;;;;;;
04/06/2025;1239.66;;;;;;
03/06/2025;1217.94;;;;;;
02/06/2025;1218.98;;;;;;
30/05/2025;1207.23;;;;;;
29/05/2025;1184.86;;;;;;
28/05/2025;1208.55;;;;;;
27/05/2025;1211.57;;;;;;
23/05/2025;1185.39;;;;;;
22/05/2025;1187.97;;;;;;
21/05/2025;1194.63;;;;;;
20/05/2025;1192.02;;;;;;
19/05/2025;1191.64;;;;;;
16/05/2025;1191.53;;;;;;
15/05/2025;1177.98;;;;;;
14/05/2025;1150.99;;;;;;
13/05/2025;1138.44;;;;;;
12/05/2025;1110.00;;;;;;
09/05/2025;1140.22;;;;;;
08/05/2025;1144.43;;;;;;
07/05/2025;1155.41;;;;;;
06/05/2025;1137.69;;;;;;
05/05/2025;1134.06;;;;;;
02/05/2025;1156.49;;;;;;
01/05/2025;1133.47;;;;;;
30/04/2025;1131.72;;;;;;
29/04/2025;1125.64;;;;;;
28/04/2025;1110.38;;;;;;
25/04/2025;1101.53;;;;;;
24/04/2025;1096.87;;;;;;
23/04/2025;1049.59;;;;;;
22/04/2025;1040.34;;;;;;
21/04/2025;987.91;;;;;;
17/04/2025;973.03;;;;;;
16/04/2025;961.63;;;;;;
15/04/2025;976.28;;;;;;
14/04/2025;931.28;;;;;;
11/04/2025;918.29;;;;;;
10/04/2025;921.17;;;;;;
09/04/2025;945.47;;;;;;
08/04/2025;870.40;;;;;;
07/04/2025;867.83;;;;;;
04/04/2025;855.86;;;;;;
03/04/2025;917.05;;;;;;
02/04/2025;935.52;;;;;;
01/04/2025;928.38;;;;;;
31/03/2025;932.53;;;;;;
28/03/2025;933.85;;;;;;
27/03/2025;976.72;;;;;;
26/03/2025;970.65;;;;;;
25/03/2025;997.28;;;;;;
24/03/2025;971.99;;;;;;
21/03/2025;960.29;;;;;;
20/03/2025;950.84;;;;;;
19/03/2025;959.49;;;;;;
18/03/2025;929.98;;;;;;
17/03/2025;950.02;;;;;;
14/03/2025;918.00;;;;;;
13/03/2025;890.17;;;;;;
12/03/2025;919.68;;;;;;
11/03/2025;895.10;;;;;;
10/03/2025;866.68;;;;;;
07/03/2025;891.11;;;;;;
06/03/2025;906.36;;;;;;
05/03/2025;990.92;;;;;;
04/03/2025;972.58;;;;;;
03/03/2025;973.70;;;;;;
28/02/2025;980.56;;;;;;
27/02/2025;963.07;;;;;;
26/02/2025;990.06;;;;;;
25/02/2025;977.24;;;;;;
24/02/2025;988.47;;;;;;
21/02/2025;1003.15;;;;;;
20/02/2025;1024.54;;;;;;
19/02/2025;1043.33;;;;;;
18/02/2025;1035.85;;;;;;
14/02/2025;1058.60;;;;;;
13/02/2025;1043.69;;;;;;
12/02/2025;1027.31;;;;;;
11/02/2025;1008.08;;;;;;
10/02/2025;1027.60;;;;;;
07/02/2025;1013.93;;;;;;
06/02/2025;1015.68;;;;;;
05/02/2025;1011.11;;;;;;
04/02/2025;994.87;;;;;;
03/02/2025;978.94;;;;;;
31/01/2025;976.76;;;;;;
30/01/2025;973.24;;;;;;
29/01/2025;978.15;;;;;;
28/01/2025;971.83;;;;;;
27/01/2025;971.89;;;;;;
24/01/2025;977.59;;;;;;
23/01/2025;984.86;;;;;;
22/01/2025;953.99;;;;;;
21/01/2025;869.68;;;;;;
17/01/2025;858.10;;;;;;
16/01/2025;842.37;;;;;;
15/01/2025;848.26;;;;;;
14/01/2025;828.40;;;;;;
13/01/2025;840.29;;;;;;
10/01/2025;837.69;;;;;;
08/01/2025;875.00;;;;;;
07/01/2025;879.19;;;;;;
06/01/2025;881.79;;;;;;
03/01/2025;881.05;;;;;;
02/01/2025;886.73;;;;;;
31/12/2024;891.32;;;;;;
30/12/2024;900.43;;;;;;
27/12/2024;907.55;;;;;;
26/12/2024;924.14;;;;;;
24/12/2024;932.12;;;;;;
23/12/2024;911.45;;;;;;
20/12/2024;909.05;;;;;;
19/12/2024;902.04;;;;;;
18/12/2024;889.55;;;;;;
17/12/2024;919.13;;;;;;
16/12/2024;921.08;;;;;;
13/12/2024;918.87;;;;;;
12/12/2024;925.55;;;;;;
11/12/2024;936.56;;;;;;
10/12/2024;913.35;;;;;;
09/12/2024;913.69;;;;;;
06/12/2024;934.74;;;;;;
05/12/2024;917.87;;;;;;
04/12/2024;911.06;;;;;;
03/12/2024;902.17;;;;;;
02/12/2024;897.74;;;;;;
29/11/2024;886.81;;;;;;
27/11/2024;877.34;;;;;;
26/11/2024;872.60;;;;;;
25/11/2024;865.59;;;;;;
22/11/2024;897.79;;;;;;
21/11/2024;897.48;;;;;;
20/11/2024;883.85;;;;;;
19/11/2024;871.32;;;;;;
18/11/2024;847.05;;;;;;
15/11/2024;823.96;;;;;;
14/11/2024;837.26;;;;;;
13/11/2024;830.47;;;;;;
12/11/2024;819.50;;;;;;
11/11/2024;805.44;;;;;;
08/11/2024;795.04;;;;;;
07/11/2024;796.54;;;;;;
06/11/2024;780.21;;;;;;
05/11/2024;763.91;;;;;;
04/11/2024;755.51;;;;;;
01/11/2024;756.10;;;;;;
31/10/2024;756.03;;;;;;
30/10/2024;753.74;;;;;;
29/10/2024;759.44;;;;;;
28/10/2024;749.12;;;;;;
25/10/2024;754.68;;;;;;
24/10/2024;754.55;;;;;;
23/10/2024;749.29;;;;;;
22/10/2024;764.24;;;;;;
21/10/2024;772.07;;;;;;
18/10/2024;763.89;;;;;;
17/10/2024;687.65;;;;;;
16/10/2024;702.00;;;;;;
15/10/2024;705.98;;;;;;
14/10/2024;713.00;;;;;;
11/10/2024;722.79;;;;;;
10/10/2024;730.29;;;;;;
09/10/2024;727.43;;;;;;
08/10/2024;721.76;;;;;;
07/10/2024;701.92;;;;;;
04/10/2024;719.70;;;;;;
03/10/2024;706.80;;;;;;
02/10/2024;711.09;;;;;;
01/10/2024;706.13;;;;;;
30/09/2024;709.27;;;;;;
27/09/2024;707.35;;;;;;
26/09/2024;711.43;;;;;;
25/09/2024;721.56;;;;;;
24/09/2024;722.26;;;;;;
23/09/2024;705.37;;;;;;
20/09/2024;701.03;;;;;;
19/09/2024;704.32;;;;;;
18/09/2024;690.47;;;;;;
17/09/2024;706.91;;;;;;
16/09/2024;696.50;;;;;;
13/09/2024;697.06;;;;;;
12/09/2024;686.80;;;;;;
11/09/2024;681.47;;;;;;
10/09/2024;673.62;;;;;;
09/09/2024;675.42;;;;;;
06/09/2024;665.77;;;;;;
05/09/2024;683.62;;;;;;
04/09/2024;679.68;;;;;;
03/09/2024;675.32;;;;;;
30/08/2024;701.35;;;;;;
29/08/2024;692.48;;;;;;
28/08/2024;683.84;;;;;;
27/08/2024;695.72;;;;;;
26/08/2024;688.44;;;;;;
23/08/2024;686.73;;;;;;
22/08/2024;688.96;;;;;;
21/08/2024;697.12;;;;;;
20/08/2024;698.54;;;;;;
19/08/2024;688.53;;;;;;
16/08/2024;674.07;;;;;;
15/08/2024;663.22;;;;;;
14/08/2024;661.68;;;;;;
13/08/2024;648.02;;;;;;
12/08/2024;633.14;;;;;;
09/08/2024;633.94;;;;;;
08/08/2024;630.35;;;;;;
07/08/2024;611.48;;;;;;
06/08/2024;609.57;;;;;;
05/08/2024;598.55;;;;;;
02/08/2024;613.64;;;;;;
01/08/2024;624.85;;;;;;
31/07/2024;628.35;;;;;;
30/07/2024;622.58;;;;;;
29/07/2024;626.96;;;;;;
26/07/2024;631.37;;;;;;
25/07/2024;634.09;;;;;;
24/07/2024;635.99;;;;;;
23/07/2024;642.76;;;;;;
22/07/2024;647.50;;;;;;
19/07/2024;633.34;;;;;;
18/07/2024;643.04;;;;;;
17/07/2024;647.46;;;;;;
16/07/2024;656.32;;;;;;
15/07/2024;656.45;;;;;;
12/07/2024;647.60;;;;;;
11/07/2024;652.75;;;;;;
10/07/2024;677.65;;;;;;
09/07/2024;685.74;;;;;;
08/07/2024;685.74;;;;;;
05/07/2024;690.65;;;;;;
03/07/2024;682.51;;;;;;
02/07/2024;679.58;;;;;;
01/07/2024;673.61;;;;;;
28/06/2024;674.88;;;;;;
27/06/2024;684.34;;;;;;
26/06/2024;677.69;;;;;;
25/06/2024;672.41;;;;;;
24/06/2024;669.02;;;;;;
21/06/2024;686.12;;;;;;
20/06/2024;679.03;;;;;;
18/06/2024;685.67;;;;;;
17/06/2024;675.83;;;;;;
14/06/2024;669.38;;;;;;
13/06/2024;653.26;;;;;;
12/06/2024;650.06;;;;;;
11/06/2024;648.55;;;;;;
10/06/2024;644.50;;;;;;
07/06/2024;641.47;;;;;;
06/06/2024;648.52;;;;;;
05/06/2024;650.27;;;;;;
04/06/2024;631.62;;;;;;
03/06/2024;633.79;;;;;;
31/05/2024;641.62;;;;;;
30/05/2024;647.66;;;;;;
29/05/2024;654.62;;;;;;
28/05/2024;649.00;;;;;;
24/05/2024;646.75;;;;;;
23/05/2024;635.67;;;;;;
22/05/2024;640.47;;;;;;
21/05/2024;650.61;;;;;;
20/05/2024;640.82;;;;;;
17/05/2024;621.10;;;;;;
16/05/2024;610.52;;;;;;
15/05/2024;613.52;;;;;;
14/05/2024;613.66;;;;;;
13/05/2024;616.59;;;;;;
10/05/2024;610.87;;;;;;
09/05/2024;612.09;;;;;;
08/05/2024;609.47;;;;;;
07/05/2024;606.00;;;;;;
06/05/2024;596.97;;;;;;
03/05/2024;579.34;;;;;;
02/05/2024;565.15;;;;;;
01/05/2024;551.71;;;;;;
30/04/2024;550.64;;;;;;
29/04/2024;559.49;;;;;;
26/04/2024;561.23;;;;;;
25/04/2024;564.80;;;;;;
24/04/2024;555.12;;;;;;
23/04/2024;577.75;;;;;;
22/04/2024;554.60;;;;;;
19/04/2024;555.04;;;;;;
18/04/2024;610.56;;;;;;
17/04/2024;613.69;;;;;;
16/04/2024;617.52;;;;;;
15/04/2024;607.15;;;;;;
12/04/2024;622.83;;;;;;
11/04/2024;628.78;;;;;;
10/04/2024;618.58;;;;;;
09/04/2024;618.20;;;;;;
08/04/2024;628.41;;;;;;
05/04/2024;636.18;;;;;;
04/04/2024;617.14;;;;;;
03/04/2024;630.08;;;;;;
02/04/2024;614.21;;;;;;
01/04/2024;614.31;;;;;;
28/03/2024;607.33;;;;;;
27/03/2024;613.53;;;;;;
26/03/2024;629.24;;;;;;
25/03/2024;627.46;;;;;;
22/03/2024;628.01;;;;;;
21/03/2024;622.71;;;;;;
20/03/2024;627.69;;;;;;
19/03/2024;620.74;;;;;;
18/03/2024;618.39;;;;;;
15/03/2024;605.88;;;;;;
14/03/2024;613.01;;;;;;
13/03/2024;609.45;;;;;;
12/03/2024;611.08;;;;;;
11/03/2024;600.93;;;;;;
08/03/2024;604.82;;;;;;
07/03/2024;608.51;;;;;;
06/03/2024;597.69;;;;;;
05/03/2024;598.50;;;;;;
04/03/2024;615.83;;;;;;
01/03/2024;619.34;;;;;;
29/02/2024;602.92;;;;;;
28/02/2024;596.48;;;;;;
27/02/2024;601.67;;;;;;
26/02/2024;587.65;;;;;;
23/02/2024;583.56;;;;;;
22/02/2024;588.47;;;;;;
21/02/2024;573.35;;;;;;
20/02/2024;575.13;;;;;;
16/02/2024;583.95;;;;;;
15/02/2024;593.46;;;;;;
14/02/2024;579.33;;;;;;
13/02/2024;554.52;;;;;;
12/02/2024;557.85;;;;;;
09/02/2024;561.32;;;;;;
08/02/2024;558.53;;;;;;
07/02/2024;559.30;;;;;;
06/02/2024;555.88;;;;;;
05/02/2024;562.06;;;;;;
02/02/2024;564.64;;;;;;
01/02/2024;567.51;;;;;;
31/01/2024;564.11;;;;;;
30/01/2024;562.85;;;;;;
29/01/2024;575.79;;;;;;
26/01/2024;570.42;;;;;;
25/01/2024;562.00;;;;;;
24/01/2024;544.87;;;;;;
23/01/2024;492.19;;;;;;
22/01/2024;485.71;;;;;;
19/01/2024;482.95;;;;;;
18/01/2024;485.31;;;;;;
17/01/2024;480.33;;;;;;
16/01/2024;481.24;;;;;;
12/01/2024;492.16;;;;;;
11/01/2024;492.23;;;;;;
10/01/2024;478.33;;;;;;
09/01/2024;482.09;;;;;;
08/01/2024;485.03;;;;;;
05/01/2024;474.06;;;;;;
04/01/2024;474.67;;;;;;
03/01/2024;470.26;;;;;;
02/01/2024;468.50;;;;;;
29/12/2023;486.88;;;;;;
28/12/2023;490.51;;;;;;
27/12/2023;491.79;;;;;;
26/12/2023;491.19;;;;;;
22/12/2023;486.76;;;;;;
21/12/2023;491.61;;;;;;
20/12/2023;489.27;;;;;;
19/12/2023;495.02;;;;;;
18/12/2023;486.12;;;;;;
15/12/2023;472.06;;;;;;
14/12/2023;469.83;;;;;;
13/12/2023;479.98;;;;;;
12/12/2023;463.00;;;;;;
11/12/2023;459.89;;;;;;
08/12/2023;453.76;;;;;;
07/12/2023;452.00;;;;;;
06/12/2023;446.73;;;;;;
05/12/2023;455.15;;;;;;
04/12/2023;453.90;;;;;;
01/12/2023;465.74;;;;;;
30/11/2023;473.97;;;;;;
29/11/2023;477.19;;;;;;
28/11/2023;479.00;;;;;;
27/11/2023;479.17;;;;;;
24/11/2023;479.56;;;;;;
22/11/2023;478.00;;;;;;
21/11/2023;474.95;;;;;;
20/11/2023;474.47;;;;;;
17/11/2023;465.91;;;;;;
16/11/2023;466.95;;;;;;
15/11/2023;461.94;;;;;;
14/11/2023;448.65;;;;;;
13/11/2023;444.62;;;;;;
10/11/2023;447.24;;;;;;
09/11/2023;435.15;;;;;;
08/11/2023;436.65;;;;;;
07/11/2023;434.61;;;;;;
06/11/2023;434.74;;;;;;
03/11/2023;432.36;;;;;;
02/11/2023;424.71;;;;;;
01/11/2023;420.19;;;;;;
31/10/2023;411.69;;;;;;
30/10/2023;410.08;;;;;;
27/10/2023;397.87;;;;;;
26/10/2023;403.54;;;;;;
25/10/2023;411.25;;;;;;
24/10/2023;413.73;;;;;;
23/10/2023;406.84;;;;;;
20/10/2023;400.96;;;;;;
19/10/2023;401.77;;;;;;
18/10/2023;346.19;;;;;;
17/10/2023;355.72;;;;;;
16/10/2023;360.82;;;;;;
13/10/2023;355.68;;;;;;
12/10/2023;361.20;;;;;;
11/10/2023;365.93;;;;;;
10/10/2023;373.32;;;;;;
09/10/2023;385.95;;;;;;
06/10/2023;381.51;;;;;;
05/10/2023;372.59;;;;;;
04/10/2023;376.90;;;;;;
03/10/2023;376.75;;;;;;
02/10/2023;380.33;;;;;;
29/09/2023;377.60;;;;;;
28/09/2023;376.36;;;;;;
27/09/2023;377.59;;;;;;
26/09/2023;379.25;;;;;;
25/09/2023;384.80;;;;;;
22/09/2023;379.81;;;;;;
21/09/2023;384.15;;;;;;
20/09/2023;386.30;;;;;;
19/09/2023;396.20;;;;;;
18/09/2023;394.40;;;;;;
15/09/2023;396.94;;;;;;
14/09/2023;400.49;;;;;;
13/09/2023;412.24;;;;;;
12/09/2023;434.69;;;;;;
11/09/2023;445.36;;;;;;
08/09/2023;442.80;;;;;;
07/09/2023;443.14;;;;;;
06/09/2023;445.76;;;;;;
05/09/2023;448.68;;;;;;
01/09/2023;439.88;;;;;;
31/08/2023;433.68;;;;;;
30/08/2023;434.67;;;;;;
29/08/2023;429.99;;;;;;
28/08/2023;418.06;;;;;;
25/08/2023;416.03;;;;;;
24/08/2023;406.93;;;;;;
23/08/2023;427.55;;;;;;
22/08/2023;413.17;;;;;;
21/08/2023;408.29;;;;;;
18/08/2023;404.53;;;;;;
17/08/2023;403.00;;;;;;
16/08/2023;415.45;;;;;;
15/08/2023;423.70;;;;;;
14/08/2023;427.78;;;;;;
11/08/2023;421.66;;;;;;
10/08/2023;429.98;;;;;;
09/08/2023;428.90;;;;;;
08/08/2023;438.30;;;;;;
07/08/2023;440.76;;;;;;
04/08/2023;431.60;;;;;;
03/08/2023;431.00;;;;;;
02/08/2023;429.70;;;;;;
01/08/2023;438.62;;;;;;
31/07/2023;438.97;;;;;;
28/07/2023;425.78;;;;;;
27/07/2023;413.17;;;;;;
26/07/2023;422.67;;;;;;
25/07/2023;427.70;;;;;;
24/07/2023;428.37;;;;;;
21/07/2023;427.50;;;;;;
20/07/2023;437.42;;;;;;
19/07/2023;477.59;;;;;;
18/07/2023;474.80;;;;;;
17/07/2023;450.05;;;;;;
14/07/2023;441.91;;;;;;
13/07/2023;450.38;;;;;;
12/07/2023;444.05;;;;;;
11/07/2023;440.21;;;;;;
10/07/2023;441.71;;;;;;
07/07/2023;438.10;;;;;;
06/07/2023;438.84;;;;;;
05/07/2023;445.90;;;;;;
03/07/2023;441.44;;;;;;
30/06/2023;440.49;;;;;;
29/06/2023;428.24;;;;;;
28/06/2023;429.84;;;;;;
27/06/2023;417.08;;;;;;
26/06/2023;415.94;;;;;;
23/06/2023;424.02;;;;;;
22/06/2023;422.48;;;;;;
21/06/2023;424.45;;;;;;
20/06/2023;434.70;;;;;;
16/06/2023;431.96;;;;;;
15/06/2023;445.27;;;;;;
14/06/2023;440.86;;;;;;
13/06/2023;435.73;;;;;;
12/06/2023;423.97;;;;;;
09/06/2023;420.02;;;;;;
08/06/2023;409.37;;;;;;
07/06/2023;399.77;;;;;;
06/06/2023;399.29;;;;;;
05/06/2023;403.54;;;;;;
02/06/2023;400.47;;;;;;
01/06/2023;403.13;;;;;;
31/05/2023;395.23;;;;;;
30/05/2023;392.98;;;;;;
26/05/2023;378.88;;;;;;
25/05/2023;359.00;;;;;;
24/05/2023;364.85;;;;;;
23/05/2023;355.99;;;;;;
22/05/2023;363.01;;;;;;
19/05/2023;365.36;;;;;;
18/05/2023;371.29;;;;;;
17/05/2023;339.96;;;;;;
16/05/2023;333.75;;;;;;
15/05/2023;335.89;;;;;;
12/05/2023;339.89;;;;;;
11/05/2023;344.76;;;;;;
10/05/2023;335.42;;;;;;
09/05/2023;332.14;;;;;;
08/05/2023;331.21;;;;;;
05/05/2023;322.76;;;;;;
04/05/2023;320.78;;;;;;
03/05/2023;319.30;;;;;;
02/05/2023;317.55;;;;;;
01/05/2023;324.12;;;;;;
28/04/2023;329.93;;;;;;
27/04/2023;325.85;;;;;;
26/04/2023;321.15;;;;;;
25/04/2023;322.55;;;;;;
24/04/2023;329.02;;;;;;
21/04/2023;327.98;;;;;;
20/04/2023;325.35;;;;;;
19/04/2023;323.12;;;;;;
18/04/2023;333.70;;;;;;
17/04/2023;332.72;;;;;;
14/04/2023;338.63;;;;;;
13/04/2023;346.19;;;;;;
12/04/2023;331.03;;;;;;
11/04/2023;338.21;;;;;;
10/04/2023;338.99;;;;;;
06/04/2023;339.33;;;;;;
05/04/2023;342.35;;;;;;
04/04/2023;346.75;;;;;;
03/04/2023;348.28;;;;;;
31/03/2023;345.48;;;;;;
30/03/2023;338.43;;;;;;
29/03/2023;332.03;;;;;;
28/03/2023;323.52;;;;;;
27/03/2023;327.66;;;;;;
24/03/2023;328.39;;;;;;
23/03/2023;320.37;;;;;;
22/03/2023;293.90;;;;;;
21/03/2023;305.79;;;;;;
20/03/2023;305.13;;;;;;
17/03/2023;303.50;;;;;;
16/03/2023;310.06;;;;;;
15/03/2023;303.79;;;;;;
14/03/2023;294.94;;;;;;
13/03/2023;293.51;;;;;;
10/03/2023;292.76;;;;;;
09/03/2023;297.78;;;;;;
08/03/2023;311.79;;;;;;
07/03/2023;308.47;;;;;;
06/03/2023;312.03;;;;;;
03/03/2023;315.18;;;;;;
02/03/2023;311.88;;;;;;
01/03/2023;313.48;;;;;;
28/02/2023;322.13;;;;;;
27/02/2023;323.03;;;;;;
24/02/2023;317.15;;;;;;
23/02/2023;323.65;;;;;;
22/02/2023;334.88;;;;;;
21/02/2023;337.50;;;;;;
17/02/2023;347.96;;;;;;
16/02/2023;350.71;;;;;;
15/02/2023;361.42;;;;;;
14/02/2023;359.96;;;;;;
13/02/2023;358.57;;;;;;
10/02/2023;347.36;;;;;;
09/02/2023;362.50;;;;;;
08/02/2023;366.83;;;;;;
07/02/2023;362.95;;;;;;
06/02/2023;361.48;;;;;;
03/02/2023;365.90;;;;;;
02/02/2023;366.89;;;;;;
01/02/2023;361.99;;;;;;
31/01/2023;353.86;;;;;;
30/01/2023;353.11;;;;;;
27/01/2023;360.77;;;;;;
26/01/2023;364.87;;;;;;
25/01/2023;367.96;;;;;;
24/01/2023;363.83;;;;;;
23/01/2023;357.42;;;;;;
20/01/2023;342.50;;;;;;
19/01/2023;315.78;;;;;;
18/01/2023;326.33;;;;;;
17/01/2023;326.22;;;;;;
13/01/2023;332.82;;;;;;
12/01/2023;330.13;;;;;;
11/01/2023;327.26;;;;;;
10/01/2023;327.54;;;;;;
09/01/2023;315.17;;;;;;
06/01/2023;315.55;;;;;;
05/01/2023;309.70;;;;;;
04/01/2023;309.41;;;;;;
03/01/2023;294.95;;;;;;
30/12/2022;294.88;;;;;;
29/12/2022;291.12;;;;;;
28/12/2022;276.88;;;;;;
27/12/2022;284.17;;;;;;
23/12/2022;294.96;;;;;;
22/12/2022;297.75;;;;;;
21/12/2022;297.96;;;;;;
20/12/2022;288.19;;;;;;
19/12/2022;288.30;;;;;;
16/12/2022;290.71;;;;;;
15/12/2022;290.41;;;;;;
14/12/2022;317.83;;;;;;
13/12/2022;320.34;;;;;;
12/12/2022;315.18;;;;;;
09/12/2022;320.01;;;;;;
08/12/2022;310.26;;;;;;
07/12/2022;308.42;;;;;;
06/12/2022;305.56;;;;;;
05/12/2022;312.59;;;;;;
02/12/2022;320.41;;;;;;
01/12/2022;316.95;;;;;;
30/11/2022;305.53;;;;;;
29/11/2022;280.96;;;;;;
28/11/2022;281.17;;;;;;
25/11/2022;285.54;;;;;;
23/11/2022;291.50;;;;;;
22/11/2022;286.69;;;;;;
21/11/2022;285.05;;;;;;
18/11/2022;287.98;;;;;;
17/11/2022;295.28;;;;;;
16/11/2022;306.02;;;;;;
15/11/2022;310.20;;;;;;
14/11/2022;299.27;;;;;;
11/11/2022;290.13;;;;;;
10/11/2022;274.97;;;;;;
09/11/2022;254.66;;;;;;
08/11/2022;263.46;;;;;;
07/11/2022;258.60;;;;;;
04/11/2022;260.79;;;;;;
03/11/2022;269.06;;;;;;
02/11/2022;273.00;;;;;;
01/11/2022;286.75;;;;;;
31/10/2022;291.88;;;;;;
28/10/2022;295.72;;;;;;
27/10/2022;296.94;;;;;;
26/10/2022;298.62;;;;;;
25/10/2022;291.02;;;;;;
24/10/2022;282.45;;;;;;
21/10/2022;289.57;;;;;;
20/10/2022;268.16;;;;;;
19/10/2022;272.38;;;;;;
18/10/2022;240.86;;;;;;
17/10/2022;245.10;;;;;;
14/10/2022;230.00;;;;;;
13/10/2022;232.51;;;;;;
12/10/2022;220.87;;;;;;
11/10/2022;214.29;;;;;;
10/10/2022;229.98;;;;;;
07/10/2022;224.75;;;;;;
06/10/2022;240.02;;;;;;
05/10/2022;236.73;;;;;;
04/10/2022;240.74;;;;;;
03/10/2022;239.04;;;;;;
30/09/2022;235.44;;;;;;
29/09/2022;239.71;;;;;;
28/09/2022;245.20;;;;;;
27/09/2022;224.36;;;;;;
26/09/2022;224.07;;;;;;
23/09/2022;226.41;;;;;;
22/09/2022;237.05;;;;;;
21/09/2022;236.87;;;;;;
20/09/2022;242.85;;;;;;
19/09/2022;243.63;;;;;;
16/09/2022;240.13;;;;;;
15/09/2022;235.38;;;;;;
14/09/2022;224.12;;;;;;
13/09/2022;218.13;;;;;;
12/09/2022;236.53;;;;;;
09/09/2022;233.57;;;;;;
08/09/2022;227.44;;;;;;
07/09/2022;228.96;;;;;;
06/09/2022;218.39;;;;;;
02/09/2022;226.11;;;;;;
01/09/2022;230.04;;;;;;
31/08/2022;223.56;;;;;;
30/08/2022;220.65;;;;;;
29/08/2022;224.57;;;;;;
26/08/2022;223.28;;;;;;
25/08/2022;233.98;;;;;;
24/08/2022;229.61;;;;;;
23/08/2022;224.55;;;;;;
22/08/2022;226.54;;;;;;
19/08/2022;241.16;;;;;;
18/08/2022;245.17;;;;;;
17/08/2022;241.15;;;;;;
16/08/2022;245.69;;;;;;
15/08/2022;249.11;;;;;;
12/08/2022;249.30;;;;;;
11/08/2022;242.70;;;;;;
10/08/2022;244.11;;;;;;
09/08/2022;229.94;;;;;;
08/08/2022;233.49;;;;;;
05/08/2022;226.78;;;;;;
04/08/2022;229.91;;;;;;
03/08/2022;226.73;;;;;;
02/08/2022;221.42;;;;;;
01/08/2022;226.21;;;;;;
29/07/2022;224.90;;;;;;
28/07/2022;226.02;;;;;;
27/07/2022;226.75;;;;;;
26/07/2022;213.91;;;;;;
25/07/2022;218.51;;;;;;
22/07/2022;220.44;;;;;;
21/07/2022;223.88;;;;;;
20/07/2022;216.44;;;;;;
19/07/2022;201.63;;;;;;
18/07/2022;190.92;;;;;;
15/07/2022;189.11;;;;;;
14/07/2022;174.78;;;;;;
13/07/2022;176.56;;;;;;
12/07/2022;174.45;;;;;;
11/07/2022;177.34;;;;;;
08/07/2022;186.97;;;;;;
07/07/2022;189.27;;;;;;
06/07/2022;184.06;;;;;;
05/07/2022;185.88;;;;;;
01/07/2022;179.95;;;;;;
30/06/2022;174.87;;;;;;
29/06/2022;178.36;;;;;;
28/06/2022;179.60;;;;;;
27/06/2022;189.14;;;;;;
24/06/2022;190.85;;;;;;
23/06/2022;181.71;;;;;;
22/06/2022;178.89;;;;;;
21/06/2022;170.91;;;;;;
17/06/2022;175.51;;;;;;
16/06/2022;173.35;;;;;;
15/06/2022;180.11;;;;;;
14/06/2022;167.54;;;;;;
13/06/2022;169.69;;;;;;
10/06/2022;182.94;;;;;;
09/06/2022;192.77;;;;;;
08/06/2022;202.83;;;;;;
07/06/2022;198.61;;;;;;
06/06/2022;197.14;;;;;;
03/06/2022;198.98;;;;;;
02/06/2022;205.09;;;;;;
01/06/2022;192.91;;;;;;
31/05/2022;197.44;;;;;;
27/05/2022;195.19;;;;;;
26/05/2022;191.40;;;;;;
25/05/2022;187.83;;;;;;
24/05/2022;180.34;;;;;;
23/05/2022;187.44;;;;;;
20/05/2022;186.35;;;;;;
19/05/2022;183.48;;;;;;
18/05/2022;177.19;;;;;;
17/05/2022;190.56;;;;;;
16/05/2022;186.51;;;;;;
13/05/2022;187.64;;;;;;
12/05/2022;174.31;;;;;;
11/05/2022;166.37;;;;;;
10/05/2022;177.66;;;;;;
09/05/2022;173.10;;;;;;
06/05/2022;180.97;;;;;;
05/05/2022;188.32;;;;;;
04/05/2022;204.01;;;;;;
03/05/2022;199.87;;;;;;
02/05/2022;199.46;;;;;;
29/04/2022;190.36;;;;;;
28/04/2022;199.52;;;;;;
27/04/2022;188.54;;;;;;
26/04/2022;198.40;;;;;;
25/04/2022;209.91;;;;;;
22/04/2022;215.52;;;;;;
21/04/2022;218.22;;;;;;
20/04/2022;226.19;;;;;;
19/04/2022;348.61;;;;;;
18/04/2022;337.86;;;;;;
14/04/2022;341.13;;;;;;
13/04/2022;350.43;;;;;;
12/04/2022;344.10;;;;;;
11/04/2022;348.00;;;;;;
08/04/2022;355.88;;;;;;
07/04/2022;362.15;;;;;;
06/04/2022;368.35;;;;;;
05/04/2022;380.15;;;;;;
04/04/2022;391.50;;;;;;
01/04/2022;373.47;;;;;;
31/03/2022;374.59;;;;;;
30/03/2022;381.47;;;;;;
29/03/2022;391.82;;;;;;
28/03/2022;378.51;;;;;;
25/03/2022;373.85;;;;;;
24/03/2022;375.71;;;;;;
23/03/2022;374.49;;;;;;
22/03/2022;382.92;;;;;;
21/03/2022;374.59;;;;;;
18/03/2022;380.60;;;;;;
17/03/2022;371.40;;;;;;
16/03/2022;357.53;;;;;;
15/03/2022;343.75;;;;;;
14/03/2022;331.01;;;;;;
11/03/2022;340.32;;;;;;
10/03/2022;356.77;;;;;;
09/03/2022;358.79;;;;;;
08/03/2022;341.76;;;;;;
07/03/2022;350.26;;;;;;
04/03/2022;361.73;;;;;;
03/03/2022;368.07;;;;;;
02/03/2022;380.03;;;;;;
01/03/2022;386.24;;;;;;
28/02/2022;394.52;;;;;;
25/02/2022;390.80;;;;;;
24/02/2022;390.03;;;;;;
23/02/2022;367.46;;;;;;
22/02/2022;377.38;;;;;;
18/02/2022;391.29;;;;;;
17/02/2022;386.67;;;;;;
16/02/2022;398.08;;;;;;
15/02/2022;407.46;;;;;;
14/02/2022;396.57;;;;;;
11/02/2022;391.31;;;;;;
10/02/2022;406.27;;;;;;
09/02/2022;412.89;;;;;;
08/02/2022;403.53;;;;;;
07/02/2022;402.10;;;;;;
04/02/2022;410.17;;;;;;
03/02/2022;405.60;;;;;;
02/02/2022;429.48;;;;;;
01/02/2022;457.13;;;;;;
31/01/2022;427.14;;;;;;
28/01/2022;384.36;;;;;;
27/01/2022;386.70;;;;;;
26/01/2022;359.70;;;;;;
25/01/2022;366.42;;;;;;
24/01/2022;387.15;;;;;;
21/01/2022;397.50;;;;;;
20/01/2022;508.25;;;;;;
19/01/2022;515.86;;;;;;
18/01/2022;510.80;;;;;;
14/01/2022;525.69;;;;;;
13/01/2022;519.20;;;;;;
12/01/2022;537.22;;;;;;
11/01/2022;540.84;;;;;;
10/01/2022;539.85;;;;;;
07/01/2022;541.06;;;;;;
06/01/2022;553.29;;;;;;
05/01/2022;567.52;;;;;;
04/01/2022;591.15;;;;;;
03/01/2022;597.37;;;;;;
31/12/2021;602.44;;;;;;
30/12/2021;612.09;;;;;;
29/12/2021;610.54;;;;;;
28/12/2021;610.71;;;;;;
27/12/2021;613.12;;;;;;
23/12/2021;614.09;;;;;;
22/12/2021;614.24;;;;;;
21/12/2021;604.92;;;;;;
20/12/2021;593.74;;;;;;
17/12/2021;586.73;;;;;;
16/12/2021;591.06;;;;;;
15/12/2021;605.04;;;;;;
14/12/2021;597.99;;;;;;
13/12/2021;604.56;;;;;;
10/12/2021;611.66;;;;;;
09/12/2021;611.00;;;;;;
08/12/2021;628.08;;;;;;
07/12/2021;625.58;;;;;;
06/12/2021;612.69;;;;;;
03/12/2021;602.13;;;;;;
02/12/2021;616.47;;;;;;
01/12/2021;617.77;;;;;;
30/11/2021;641.90;;;;;;
29/11/2021;663.84;;;;;;
26/11/2021;665.64;;;;;;
24/11/2021;658.29;;;;;;
23/11/2021;654.06;;;;;;
22/11/2021;659.20;;;;;;
19/11/2021;678.80;;;;;;
18/11/2021;682.02;;;;;;
17/11/2021;691.69;;;;;;
16/11/2021;687.40;;;;;;
15/11/2021;679.33;;;;;;
12/11/2021;682.61;;;;;;
11/11/2021;657.58;;;;;;
10/11/2021;646.91;;;;;;
09/11/2021;655.99;;;;;;
08/11/2021;651.45;;;;;;
05/11/2021;645.72;;;;;;
04/11/2021;668.40;;;;;;
03/11/2021;688.29;;;;;;
02/11/2021;677.72;;;;;;
01/11/2021;681.17;;;;;;
29/10/2021;690.31;;;;;;
28/10/2021;674.05;;;;;;
27/10/2021;662.92;;;;;;
26/10/2021;668.52;;;;;;
25/10/2021;671.66;;;;;;
22/10/2021;664.78;;;;;;
21/10/2021;653.16;;;;;;
20/10/2021;625.14;;;;;;
19/10/2021;639.00;;;;;;
18/10/2021;637.97;;;;;;
15/10/2021;628.29;;;;;;
14/10/2021;633.80;;;;;;
13/10/2021;629.76;;;;;;
12/10/2021;624.94;;;;;;
11/10/2021;627.04;;;;;;
08/10/2021;632.66;;;;;;
07/10/2021;631.85;;;;;;
06/10/2021;639.10;;;;;;
05/10/2021;634.81;;;;;;
04/10/2021;603.35;;;;;;
01/10/2021;613.15;;;;;;
30/09/2021;610.34;;;;;;
29/09/2021;599.06;;;;;;
28/09/2021;583.85;;;;;;
27/09/2021;592.64;;;;;;
24/09/2021;592.39;;;;;;
23/09/2021;593.26;;;;;;
22/09/2021;590.65;;;;;;
21/09/2021;573.14;;;;;;
20/09/2021;575.43;;;;;;
17/09/2021;589.35;;;;;;
16/09/2021;586.50;;;;;;
15/09/2021;582.87;;;;;;
14/09/2021;577.76;;;;;;
13/09/2021;589.29;;;;;;
10/09/2021;598.72;;;;;;
09/09/2021;597.54;;;;;;
08/09/2021;606.05;;;;;;
07/09/2021;606.71;;;;;;
03/09/2021;590.53;;;;;;
02/09/2021;588.55;;;;;;
01/09/2021;582.07;;;;;;
31/08/2021;569.19;;;;;;
30/08/2021;566.18;;;;;;
27/08/2021;558.92;;;;;;
26/08/2021;550.12;;;;;;
25/08/2021;547.58;;;;;;
24/08/2021;553.41;;;;;;
23/08/2021;553.33;;;;;;
20/08/2021;546.88;;;;;;
19/08/2021;543.71;;;;;;
18/08/2021;521.87;;;;;;
17/08/2021;518.91;;;;;;
16/08/2021;517.92;;;;;;
13/08/2021;515.92;;;;;;
12/08/2021;510.72;;;;;;
11/08/2021;512.40;;;;;;
10/08/2021;515.84;;;;;;
09/08/2021;519.97;;;;;;
06/08/2021;520.55;;;;;;
05/08/2021;524.89;;;;;;
04/08/2021;517.35;;;;;;
03/08/2021;510.82;;;;;;
02/08/2021;515.15;;;;;;
30/07/2021;517.57;;;;;;
29/07/2021;514.25;;;;;;
28/07/2021;519.30;;;;;;
27/07/2021;518.91;;;;;;
26/07/2021;516.49;;;;;;
23/07/2021;515.41;;;;;;
22/07/2021;511.77;;;;;;
21/07/2021;513.63;;;;;;
20/07/2021;531.05;;;;;;
19/07/2021;532.28;;;;;;
16/07/2021;530.31;;;;;;
15/07/2021;542.95;;;;;;
14/07/2021;547.95;;;;;;
13/07/2021;540.68;;;;;;
12/07/2021;537.31;;;;;;
09/07/2021;535.98;;;;;;
08/07/2021;530.76;;;;;;
07/07/2021;535.96;;;;;;
06/07/2021;541.64;;;;;;
02/07/2021;533.98;;;;;;
01/07/2021;533.54;;;;;;
30/06/2021;528.21;;;;;;
29/06/2021;533.50;;;;;;
28/06/2021;533.03;;;;;;
25/06/2021;527.07;;;;;;
24/06/2021;518.06;;;;;;
23/06/2021;512.74;;;;;;
22/06/2021;508.82;;;;;;
21/06/2021;497.00;;;;;;
18/06/2021;500.77;;;;;;
17/06/2021;498.34;;;;;;
16/06/2021;492.41;;;;;;
15/06/2021;491.90;;;;;;
14/06/2021;499.89;;;;;;
11/06/2021;488.77;;;;;;
10/06/2021;487.27;;;;;;
09/06/2021;485.81;;;;;;
08/06/2021;492.39;;;;;;
07/06/2021;494.66;;;;;;
04/06/2021;494.74;;;;;;
03/06/2021;489.43;;;;;;
02/06/2021;499.24;;;;;;
01/06/2021;499.08;;;;;;
28/05/2021;502.81;;;;;;
27/05/2021;503.86;;;;;;
26/05/2021;502.36;;;;;;
25/05/2021;501.34;;;;;;
24/05/2021;502.90;;;;;;
21/05/2021;497.89;;;;;;
20/05/2021;501.67;;;;;;
19/05/2021;487.70;;;;;;
18/05/2021;486.28;;;;;;
17/05/2021;488.94;;;;;;
14/05/2021;493.37;;;;;;
13/05/2021;486.66;;;;;;
12/05/2021;484.98;;;;;;
11/05/2021;495.08;;;;;;
10/05/2021;486.69;;;;;;
07/05/2021;503.84;;;;;;
06/05/2021;499.55;;;;;;
05/05/2021;496.08;;;;;;
04/05/2021;503.18;;;;;;
03/05/2021;509.11;;;;;;
30/04/2021;513.47;;;;;;
29/04/2021;509.00;;;;;;
28/04/2021;506.52;;;;;;
27/04/2021;505.55;;;;;;
26/04/2021;510.30;;;;;;
23/04/2021;505.55;;;;;;
22/04/2021;508.78;;;;;;
21/04/2021;508.90;;;;;;
20/04/2021;549.57;;;;;;
19/04/2021;554.44;;;;;;
16/04/2021;546.54;;;;;;
15/04/2021;549.22;;;;;;
14/04/2021;540.02;;;;;;
13/04/2021;553.73;;;;;;
12/04/2021;552.78;;;;;;
09/04/2021;555.31;;;;;;
08/04/2021;554.58;;;;;;
07/04/2021;546.99;;;;;;
06/04/2021;544.53;;;;;;
05/04/2021;540.67;;;;;;
01/04/2021;539.42;;;;;;
31/03/2021;521.66;;;;;;
30/03/2021;513.39;;;;;;
29/03/2021;513.95;;;;;;
26/03/2021;508.05;;;;;;
25/03/2021;502.86;;;;;;
24/03/2021;520.81;;;;;;
23/03/2021;535.09;;;;;;
22/03/2021;523.11;;;;;;
19/03/2021;512.18;;;;;;
18/03/2021;504.79;;;;;;
17/03/2021;524.44;;;;;;
16/03/2021;524.03;;;;;;
15/03/2021;520.25;;;;;;
12/03/2021;518.02;;;;;;
11/03/2021;523.06;;;;;;
10/03/2021;504.54;;;;;;
09/03/2021;506.44;;;;;;
08/03/2021;493.33;;;;;;
05/03/2021;516.39;;;;;;
04/03/2021;511.29;;;;;;
03/03/2021;520.70;;;;;;
02/03/2021;547.82;;;;;;
01/03/2021;550.64;;;;;;
26/02/2021;538.85;;;;;;
25/02/2021;546.70;;;;;;
24/02/2021;553.41;;;;;;
23/02/2021;546.15;;;;;;
22/02/2021;533.78;;;;;;
19/02/2021;540.22;;;;;;
18/02/2021;548.22;;;;;;
17/02/2021;551.34;;;;;;
16/02/2021;557.28;;;;;;
12/02/2021;556.52;;;;;;
11/02/2021;557.59;;;;;;
10/02/2021;563.59;;;;;;
09/02/2021;559.07;;;;;;
08/02/2021;547.92;;;;;;
05/02/2021;550.79;;;;;;
04/02/2021;552.16;;;;;;
03/02/2021;539.45;;;;;;
02/02/2021;548.16;;;;;;
01/02/2021;539.04;;;;;;
29/01/2021;532.39;;;;;;
28/01/2021;538.60;;;;;;
27/01/2021;523.28;;;;;;
26/01/2021;561.93;;;;;;
25/01/2021;556.78;;;;;;
22/01/2021;565.17;;;;;;
21/01/2021;579.84;;;;;;
20/01/2021;586.34;;;;;;
19/01/2021;501.77;;;;;;
15/01/2021;497.98;;;;;;
14/01/2021;500.86;;;;;;
13/01/2021;507.79;;;;;;
12/01/2021;494.25;;;;;;
11/01/2021;499.10;;;;;;
08/01/2021;510.40;;;;;;
07/01/2021;508.89;;;;;;
06/01/2021;500.49;;;;;;
05/01/2021;520.80;;;;;;
04/01/2021;522.86;;;;;;
31/12/2020;540.73;;;;;;
30/12/2020;524.59;;;;;;
29/12/2020;530.87;;;;;;
28/12/2020;519.12;;;;;;
24/12/2020;513.97;;;;;;
23/12/2020;514.48;;;;;;
22/12/2020;527.33;;;;;;
21/12/2020;528.91;;;;;;
18/12/2020;534.45;;;;;;
17/12/2020;532.90;;;;;;
16/12/2020;524.83;;;;;;
15/12/2020;519.78;;;;;;
14/12/2020;522.42;;;;;;
11/12/2020;503.22;;;;;;
10/12/2020;501.09;;;;;;
09/12/2020;493.60;;;;;;
08/12/2020;512.66;;;;;;
07/12/2020;515.78;;;;;;
04/12/2020;498.31;;;;;;
03/12/2020;497.52;;;;;;
02/12/2020;503.38;;;;;;
01/12/2020;504.58;;;;;;
30/11/2020;490.70;;;;;;
27/11/2020;491.36;;;;;;
25/11/2020;485.00;;;;;;
24/11/2020;482.88;;;;;;
23/11/2020;476.62;;;;;;
20/11/2020;488.24;;;;;;
19/11/2020;484.67;;;;;;
18/11/2020;481.79;;;;;;
17/11/2020;480.63;;;;;;
16/11/2020;479.10;;;;;;
13/11/2020;482.84;;;;;;
12/11/2020;486.77;;;;;;
11/11/2020;490.76;;;;;;
10/11/2020;480.24;;;;;;
09/11/2020;470.50;;;;;;
06/11/2020;514.73;;;;;;
05/11/2020;513.76;;;;;;
04/11/2020;496.95;;;;;;
03/11/2020;487.22;;;;;;
02/11/2020;484.12;;;;;;
30/10/2020;475.74;;;;;;
29/10/2020;504.21;;;;;;
28/10/2020;486.24;;;;;;
27/10/2020;488.93;;;;;;
26/10/2020;488.24;;;;;;
23/10/2020;488.28;;;;;;
22/10/2020;485.23;;;;;;
21/10/2020;489.05;;;;;;
20/10/2020;525.42;;;;;;
19/10/2020;530.72;;;;;;
16/10/2020;530.79;;;;;;
15/10/2020;541.94;;;;;;
14/10/2020;541.45;;;;;;
13/10/2020;554.09;;;;;;
12/10/2020;539.81;;;;;;
09/10/2020;539.44;;;;;;
08/10/2020;531.79;;;;;;
07/10/2020;534.66;;;;;;
06/10/2020;505.87;;;;;;
05/10/2020;520.65;;;;;;
02/10/2020;503.06;;;;;;
01/10/2020;527.51;;;;;;
30/09/2020;500.03;;;;;;
29/09/2020;493.48;;;;;;
28/09/2020;490.65;;;;;;
25/09/2020;482.88;;;;;;
24/09/2020;473.08;;;;;;
23/09/2020;470.61;;;;;;
22/09/2020;491.17;;;;;;
21/09/2020;487.35;;;;;;
18/09/2020;469.96;;;;;;
17/09/2020;470.20;;;;;;
16/09/2020;483.86;;;;;;
15/09/2020;495.99;;;;;;
14/09/2020;476.26;;;;;;
11/09/2020;482.03;;;;;;
10/09/2020;480.67;;;;;;
09/09/2020;500.19;;;;;;
08/09/2020;507.02;;;;;;
04/09/2020;516.05;;;;;;
03/09/2020;525.75;;;;;;
02/09/2020;552.84;;;;;;
01/09/2020;556.55;;;;;;
31/08/2020;529.56;;;;;;
28/08/2020;523.89;;;;;;
27/08/2020;526.27;;;;;;
26/08/2020;547.53;;;;;;
25/08/2020;490.58;;;;;;
24/08/2020;488.81;;;;;;
21/08/2020;492.31;;;;;;
20/08/2020;497.90;;;;;;
19/08/2020;484.53;;;;;;
18/08/2020;491.87;;;;;;
17/08/2020;482.35;;;;;;
14/08/2020;482.68;;;;;;
13/08/2020;481.33;;;;;;
12/08/2020;475.47;;;;;;
11/08/2020;466.93;;;;;;
10/08/2020;483.38;;;;;;
07/08/2020;494.73;;;;;;
06/08/2020;509.08;;;;;;
05/08/2020;502.11;;;;;;
04/08/2020;509.64;;;;;;
03/08/2020;498.62;;;;;;
31/07/2020;488.88;;;;;;
30/07/2020;485.80;;;;;;
29/07/2020;484.48;;;;;;
28/07/2020;488.51;;;;;;
27/07/2020;495.65;;;;;;
24/07/2020;480.45;;;;;;
23/07/2020;477.58;;;;;;
22/07/2020;489.82;;;;;;
21/07/2020;490.10;;;;;;
20/07/2020;502.41;;;;;;
17/07/2020;492.99;;;;;;
16/07/2020;527.39;;;;;;
15/07/2020;523.26;;;;;;
14/07/2020;524.88;;;;;;
13/07/2020;525.50;;;;;;
10/07/2020;548.73;;;;;;
09/07/2020;507.76;;;;;;
08/07/2020;502.78;;;;;;
07/07/2020;493.16;;;;;;
06/07/2020;493.81;;;;;;
02/07/2020;476.89;;;;;;
01/07/2020;485.64;;;;;;
30/06/2020;455.04;;;;;;
29/06/2020;447.24;;;;;;
26/06/2020;443.40;;;;;;
25/06/2020;465.91;;;;;;
24/06/2020;457.85;;;;;;
23/06/2020;466.26;;;;;;
22/06/2020;468.04;;;;;;
19/06/2020;453.72;;;;;;
18/06/2020;449.87;;;;;;
17/06/2020;447.77;;;;;;
16/06/2020;436.13;;;;;;
15/06/2020;425.50;;;;;;
12/06/2020;418.07;;;;;;
11/06/2020;425.56;;;;;;
10/06/2020;434.48;;;;;;
09/06/2020;434.05;;;;;;
08/06/2020;419.49;;;;;;
05/06/2020;419.60;;;;;;
04/06/2020;414.33;;;;;;
03/06/2020;421.97;;;;;;
02/06/2020;427.31;;;;;;
01/06/2020;425.92;;;;;;
29/05/2020;419.73;;;;;;
28/05/2020;413.44;;;;;;
27/05/2020;419.89;;;;;;
26/05/2020;414.77;;;;;;
22/05/2020;429.32;;;;;;
21/05/2020;436.25;;;;;;
20/05/2020;447.67;;;;;;
19/05/2020;451.04;;;;;;
18/05/2020;452.58;;;;;;
15/05/2020;454.19;;;;;;
14/05/2020;441.95;;;;;;
13/05/2020;438.27;;;;;;
12/05/2020;431.82;;;;;;
11/05/2020;440.52;;;;;;
08/05/2020;435.55;;;;;;
07/05/2020;436.53;;;;;;
06/05/2020;434.26;;;;;;
05/05/2020;424.68;;;;;;
04/05/2020;428.15;;;;;;
01/05/2020;415.27;;;;;;
30/04/2020;419.85;;;;;;
29/04/2020;411.89;;;;;;
28/04/2020;403.83;;;;;;
27/04/2020;421.38;;;;;;
24/04/2020;424.99;;;;;;
23/04/2020;426.70;;;;;;
22/04/2020;421.42;;;;;;
21/04/2020;433.83;;;;;;
20/04/2020;437.49;;;;;;
17/04/2020;422.96;;;;;;
16/04/2020;439.17;;;;;;
15/04/2020;426.75;;;;;;
14/04/2020;413.55;;;;;;
13/04/2020;396.72;;;;;;
09/04/2020;370.72;;;;;;
08/04/2020;371.12;;;;;;
07/04/2020;372.28;;;;;;
06/04/2020;379.96;;;;;;
03/04/2020;361.76;;;;;;
02/04/2020;370.08;;;;;;
01/04/2020;364.08;;;;;;
31/03/2020;375.50;;;;;;
30/03/2020;370.96;;;;;;
27/03/2020;357.12;;;;;;
26/03/2020;362.99;;;;;;
25/03/2020;342.39;;;;;;
24/03/2020;357.32;;;;;;
23/03/2020;360.27;;;;;;
20/03/2020;332.83;;;;;;
19/03/2020;332.03;;;;;;
18/03/2020;315.47;;;;;;
17/03/2020;319.75;;;;;;
16/03/2020;298.84;;;;;;
13/03/2020;336.29;;;;;;
12/03/2020;315.25;;;;;;
11/03/2020;349.92;;;;;;
10/03/2020;364.13;;;;;;
09/03/2020;346.49;;;;;;
06/03/2020;368.97;;;;;;
05/03/2020;372.78;;;;;;
04/03/2020;383.79;;;;;;
03/03/2020;368.77;;;;;;
02/03/2020;381.05;;;;;;
28/02/2020;369.03;;;;;;
27/02/2020;371.71;;;;;;
26/02/2020;379.24;;;;;;
25/02/2020;360.09;;;;;;
24/02/2020;368.70;;;;;;
21/02/2020;380.07;;;;;;
20/02/2020;386.00;;;;;;
19/02/2020;386.19;;;;;;
18/02/2020;387.78;;;;;;
14/02/2020;380.40;;;;;;
13/02/2020;381.40;;;;;;
12/02/2020;380.01;;;;;;
11/02/2020;373.69;;;;;;
10/02/2020;371.07;;;;;;
07/02/2020;366.77;;;;;;
06/02/2020;366.95;;;;;;
05/02/2020;369.67;;;;;;
04/02/2020;369.01;;;;;;
03/02/2020;358.00;;;;;;
31/01/2020;345.09;;;;;;
30/01/2020;347.74;;;;;;
29/01/2020;343.16;;;;;;
28/01/2020;348.52;;;;;;
27/01/2020;342.88;;;;;;
24/01/2020;353.16;;;;;;
23/01/2020;349.60;;;;;;
22/01/2020;326.00;;;;;;
21/01/2020;338.11;;;;;;
17/01/2020;339.67;;;;;;
16/01/2020;338.62;;;;;;
15/01/2020;339.07;;;;;;
14/01/2020;338.69;;;;;;
13/01/2020;338.92;;;;;;
10/01/2020;329.05;;;;;;
09/01/2020;335.66;;;;;;
08/01/2020;339.26;;;;;;
07/01/2020;330.75;;;;;;
06/01/2020;335.83;;;;;;
03/01/2020;325.90;;;;;;
02/01/2020;329.81;;;;;;
31/12/2019;323.57;;;;;;
30/12/2019;323.31;;;;;;
27/12/2019;329.09;;;;;;
26/12/2019;332.63;;;;;;
24/12/2019;333.20;;;;;;
23/12/2019;333.10;;;;;;
20/12/2019;336.90;;;;;;
19/12/2019;332.22;;;;;;
18/12/2019;320.80;;;;;;
17/12/2019;315.48;;;;;;
16/12/2019;304.21;;;;;;
13/12/2019;298.50;;;;;;
12/12/2019;298.44;;;;;;
11/12/2019;298.93;;;;;;
10/12/2019;293.12;;;;;;
09/12/2019;302.50;;;;;;
06/12/2019;307.35;;;;;;
05/12/2019;302.86;;;;;;
04/12/2019;304.32;;;;;;
03/12/2019;306.16;;;;;;
02/12/2019;309.99;;;;;;
29/11/2019;314.66;;;;;;
27/11/2019;315.93;;;;;;
26/11/2019;312.49;;;;;;
25/11/2019;315.55;;;;;;
22/11/2019;310.48;;;;;;
21/11/2019;311.69;;;;;;
20/11/2019;305.16;;;;;;
19/11/2019;302.60;;;;;;
18/11/2019;302.57;;;;;;
15/11/2019;295.03;;;;;;
14/11/2019;289.62;;;;;;
13/11/2019;283.11;;;;;;
12/11/2019;292.01;;;;;;
11/11/2019;294.18;;;;;;
08/11/2019;291.57;;;;;;
07/11/2019;289.57;;;;;;
06/11/2019;288.59;;;;;;
05/11/2019;288.03;;;;;;
04/11/2019;292.86;;;;;;
01/11/2019;286.81;;;;;;
31/10/2019;287.41;;;;;;
30/10/2019;291.45;;;;;;
29/10/2019;281.21;;;;;;
28/10/2019;281.86;;;;;;
25/10/2019;276.82;;;;;;
24/10/2019;271.50;;;;;;
23/10/2019;271.27;;;;;;
22/10/2019;266.69;;;;;;
21/10/2019;278.05;;;;;;
18/10/2019;275.30;;;;;;
17/10/2019;293.35;;;;;;
16/10/2019;286.28;;;;;;
15/10/2019;284.25;;;;;;
14/10/2019;285.53;;;;;;
11/10/2019;282.93;;;;;;
10/10/2019;280.48;;;;;;
09/10/2019;267.53;;;;;;
08/10/2019;270.72;;;;;;
07/10/2019;274.46;;;;;;
04/10/2019;272.79;;;;;;
03/10/2019;268.15;;;;;;
02/10/2019;268.03;;;;;;
01/10/2019;269.58;;;;;;
30/09/2019;267.62;;;;;;
27/09/2019;263.08;;;;;;
26/09/2019;263.31;;;;;;
25/09/2019;264.75;;;;;;
24/09/2019;254.59;;;;;;
23/09/2019;265.92;;;;;;
20/09/2019;270.75;;;;;;
19/09/2019;286.60;;;;;;
18/09/2019;291.56;;;;;;
17/09/2019;298.60;;;;;;
16/09/2019;294.29;;;;;;
13/09/2019;294.15;;;;;;
12/09/2019;288.86;;;;;;
11/09/2019;288.27;;;;;;
10/09/2019;287.99;;;;;;
09/09/2019;294.34;;;;;;
06/09/2019;290.17;;;;;;
05/09/2019;293.25;;;;;;
04/09/2019;291.52;;;;;;
03/09/2019;289.29;;;;;;
30/08/2019;293.75;;;;;;
29/08/2019;296.78;;;;;;
28/08/2019;291.77;;;;;;
27/08/2019;291.03;;;;;;
26/08/2019;294.98;;;;;;
23/08/2019;291.44;;;;;;
22/08/2019;296.93;;;;;;
21/08/2019;297.81;;;;;;
20/08/2019;298.99;;;;;;
19/08/2019;309.38;;;;;;
16/08/2019;302.80;;;;;;
15/08/2019;295.76;;;;;;
14/08/2019;299.11;;;;;;
13/08/2019;312.28;;;;;;
12/08/2019;310.83;;;;;;
09/08/2019;308.93;;;;;;
08/08/2019;315.90;;;;;;
07/08/2019;304.29;;;;;;
06/08/2019;310.10;;;;;;
05/08/2019;307.63;;;;;;
02/08/2019;318.83;;;;;;
01/08/2019;319.50;;;;;;
31/07/2019;322.99;;;;;;
30/07/2019;325.93;;;;;;
29/07/2019;332.70;;;;;;
26/07/2019;335.78;;;;;;
25/07/2019;326.46;;;;;;
24/07/2019;317.94;;;;;;
23/07/2019;307.30;;;;;;
22/07/2019;310.62;;;;;;
19/07/2019;315.10;;;;;;
18/07/2019;325.21;;;;;;
17/07/2019;362.44;;;;;;
16/07/2019;365.99;;;;;;
15/07/2019;366.60;;;;;;
12/07/2019;373.25;;;;;;
11/07/2019;379.50;;;;;;
10/07/2019;381.00;;;;;;
09/07/2019;379.93;;;;;;
08/07/2019;376.16;;;;;;
05/07/2019;380.55;;;;;;
03/07/2019;381.72;;;;;;
02/07/2019;375.43;;;;;;
01/07/2019;374.60;;;;;;
28/06/2019;367.32;;;;;;
27/06/2019;370.02;;;;;;
26/06/2019;362.20;;;;;;
25/06/2019;360.30;;;;;;
24/06/2019;371.04;;;;;;
21/06/2019;369.21;;;;;;
20/06/2019;365.21;;;;;;
19/06/2019;363.52;;;;;;
18/06/2019;357.12;;;;;;
17/06/2019;350.62;;;;;;
14/06/2019;339.73;;;;;;
13/06/2019;343.43;;;;;;
12/06/2019;345.56;;;;;;
11/06/2019;351.27;;;;;;
10/06/2019;352.01;;;;;;
07/06/2019;360.87;;;;;;
06/06/2019;357.13;;;;;;
05/06/2019;355.73;;;;;;
04/06/2019;353.40;;;;;;
03/06/2019;336.63;;;;;;
31/05/2019;343.28;;;;;;
30/05/2019;351.85;;;;;;
29/05/2019;349.19;;;;;;
28/05/2019;354.78;;;;;;
24/05/2019;354.39;;;;;;
23/05/2019;352.21;;;;;;
22/05/2019;359.73;;;;;;
21/05/2019;354.27;;;;;;
20/05/2019;348.11;;;;;;
17/05/2019;354.45;;;;;;
16/05/2019;359.31;;;;;;
15/05/2019;354.99;;;;;;
14/05/2019;345.61;;;;;;
13/05/2019;345.26;;;;;;
10/05/2019;361.04;;;;;;
09/05/2019;362.75;;;;;;
08/05/2019;364.37;;;;;;
07/05/2019;370.46;;;;;;
06/05/2019;378.67;;;;;;
03/05/2019;385.03;;;;;;
02/05/2019;379.06;;;;;;
01/05/2019;378.81;;;;;;
30/04/2019;370.54;;;;;;
29/04/2019;371.83;;;;;;
26/04/2019;374.85;;;;;;
25/04/2019;368.33;;;;;;
24/04/2019;374.23;;;;;;
23/04/2019;381.89;;;;;;
22/04/2019;377.34;;;;;;
18/04/2019;360.35;;;;;;
17/04/2019;354.74;;;;;;
16/04/2019;359.46;;;;;;
15/04/2019;348.87;;;;;;
12/04/2019;351.14;;;;;;
11/04/2019;367.65;;;;;;
10/04/2019;363.92;;;;;;
09/04/2019;364.71;;;;;;
08/04/2019;361.41;;;;;;
05/04/2019;365.49;;;;;;
04/04/2019;367.88;;;;;;
03/04/2019;369.75;;;;;;
02/04/2019;367.72;;;;;;
01/04/2019;366.96;;;;;;
29/03/2019;356.56;;;;;;
28/03/2019;354.61;;;;;;
27/03/2019;353.37;;;;;;
26/03/2019;359.97;;;;;;
25/03/2019;366.23;;;;;;
22/03/2019;361.01;;;;;;
21/03/2019;377.87;;;;;;
20/03/2019;375.22;;;;;;
19/03/2019;358.78;;;;;;
18/03/2019;363.44;;;;;;
15/03/2019;361.46;;;;;;
14/03/2019;358.82;;;;;;
13/03/2019;361.21;;;;;;
12/03/2019;356.27;;;;;;
11/03/2019;358.86;;;;;;
08/03/2019;349.60;;;;;;
07/03/2019;352.60;;;;;;
06/03/2019;359.61;;;;;;
05/03/2019;354.30;;;;;;
04/03/2019;351.04;;;;;;
01/03/2019;357.32;;;;;;
28/02/2019;358.10;;;;;;
27/02/2019;362.87;;;;;;
26/02/2019;364.97;;;;;;
25/02/2019;363.91;;;;;;
22/02/2019;363.02;;;;;;
21/02/2019;356.97;;;;;;
20/02/2019;359.91;;;;;;
19/02/2019;361.92;;;;;;
15/02/2019;356.87;;;;;;
14/02/2019;359.07;;;;;;
13/02/2019;351.77;;;;;;
12/02/2019;359.97;;;;;;
11/02/2019;345.73;;;;;;
08/02/2019;347.57;;;;;;
07/02/2019;344.71;;;;;;
06/02/2019;352.19;;;;;;
05/02/2019;355.81;;;;;;
04/02/2019;351.34;;;;;;
01/02/2019;339.85;;;;;;
31/01/2019;339.50;;;;;;
30/01/2019;340.66;;;;;;
29/01/2019;328.90;;;;;;
28/01/2019;335.66;;;;;;
25/01/2019;338.05;;;;;;
24/01/2019;326.67;;;;;;
23/01/2019;321.99;;;;;;
22/01/2019;325.16;;;;;;
18/01/2019;339.10;;;;;;
17/01/2019;353.19;;;;;;
16/01/2019;351.39;;;;;;
15/01/2019;354.64;;;;;;
14/01/2019;332.94;;;;;;
11/01/2019;337.59;;;;;;
10/01/2019;324.66;;;;;;
09/01/2019;319.96;;;;;;
08/01/2019;320.27;;;;;;
07/01/2019;315.34;;;;;;
04/01/2019;297.57;;;;;;
03/01/2019;271.20;;;;;;
02/01/2019;267.66;;;;;;
31/12/2018;267.66;;;;;;
28/12/2018;256.08;;;;;;
27/12/2018;255.56;;;;;;
26/12/2018;253.67;;;;;;
24/12/2018;233.88;;;;;;
21/12/2018;246.39;;;;;;
20/12/2018;260.58;;;;;;
19/12/2018;266.77;;;;;;
18/12/2018;270.94;;;;;;
17/12/2018;262.80;;;;;;
14/12/2018;266.84;;;;;;
13/12/2018;276.02;;;;;;
12/12/2018;274.88;;;;;;
11/12/2018;265.32;;;;;;
10/12/2018;269.70;;;;;;
07/12/2018;265.14;;;;;;
06/12/2018;282.88;;;;;;
04/12/2018;275.33;;;;;;
03/12/2018;290.30;;;;;;
30/11/2018;286.13;;;;;;
29/11/2018;288.75;;;;;;
28/11/2018;282.65;;;;;;
27/11/2018;266.63;;;;;;
26/11/2018;261.43;;;;;;
23/11/2018;258.82;;;;;;
21/11/2018;262.13;;;;;;
20/11/2018;266.98;;;;;;
19/11/2018;270.60;;;;;;
16/11/2018;286.21;;;;;;
15/11/2018;290.06;;;;;;
14/11/2018;286.73;;;;;;
13/11/2018;294.40;;;;;;
12/11/2018;294.07;;;;;;
09/11/2018;303.47;;;;;;
08/11/2018;317.92;;;;;;
07/11/2018;327.50;;;;;;
06/11/2018;310.84;;;;;;
05/11/2018;315.44;;;;;;
02/11/2018;309.10;;;;;;
01/11/2018;317.38;;;;;;
31/10/2018;301.78;;;;;;
30/10/2018;285.81;;;;;;
29/10/2018;284.84;;;;;;
26/10/2018;299.83;;;;;;
25/10/2018;312.87;;;;;;
24/10/2018;301.83;;;;;;
23/10/2018;333.16;;;;;;
22/10/2018;329.54;;;;;;
19/10/2018;332.67;;;;;;
18/10/2018;346.71;;;;;;
17/10/2018;364.70;;;;;;
16/10/2018;346.40;;;;;;
15/10/2018;333.13;;;;;;
12/10/2018;339.56;;;;;;
11/10/2018;321.10;;;;;;
10/10/2018;325.89;;;;;;
09/10/2018;355.71;;;;;;
08/10/2018;349.10;;;;;;
05/10/2018;351.35;;;;;;
04/10/2018;363.65;;;;;;
03/10/2018;377.05;;;;;;
02/10/2018;377.14;;;;;;
01/10/2018;381.43;;;;;;
28/09/2018;374.13;;;;;;
27/09/2018;380.71;;;;;;
26/09/2018;377.88;;;;;;
25/09/2018;369.43;;;;;;
24/09/2018;369.61;;;;;;
21/09/2018;361.19;;;;;;
20/09/2018;365.36;;;;;;
19/09/2018;366.96;;;;;;
18/09/2018;367.65;;;;;;
17/09/2018;350.35;;;;;;
14/09/2018;364.56;;;;;;
13/09/2018;368.15;;;;;;
12/09/2018;369.95;;;;;;
11/09/2018;355.93;;;;;;
10/09/2018;348.41;;;;;;
07/09/2018;348.68;;;;;;
06/09/2018;346.46;;;;;;
05/09/2018;341.18;;;;;;
04/09/2018;363.60;;;;;;
31/08/2018;367.68;;;;;;
30/08/2018;370.98;;;;;;
29/08/2018;368.04;;;;;;
28/08/2018;368.49;;;;;;
27/08/2018;364.58;;;;;;
24/08/2018;358.82;;;;;;
23/08/2018;339.17;;;;;;
22/08/2018;344.44;;;;;;
21/08/2018;338.02;;;;;;
20/08/2018;327.73;;;;;;
17/08/2018;316.78;;;;;;
16/08/2018;322.44;;;;;;
15/08/2018;326.40;;;;;;
14/08/2018;337.49;;;;;;
13/08/2018;341.31;;;;;;
10/08/2018;345.87;;;;;;
09/08/2018;349.36;;;;;;
08/08/2018;347.61;;;;;;
07/08/2018;351.83;;;;;;
06/08/2018;350.92;;;;;;
03/08/2018;343.09;;;;;;
02/08/2018;344.50;;;;;;
01/08/2018;338.38;;;;;;
31/07/2018;337.45;;;;;;
30/07/2018;334.96;;;;;;
27/07/2018;355.21;;;;;;
26/07/2018;363.09;;;;;;
25/07/2018;362.87;;;;;;
24/07/2018;357.32;;;;;;
23/07/2018;362.66;;;;;;
20/07/2018;361.05;;;;;;
19/07/2018;364.23;;;;;;
18/07/2018;375.13;;;;;;
17/07/2018;379.48;;;;;;
16/07/2018;400.48;;;;;;
13/07/2018;395.80;;;;;;
12/07/2018;413.50;;;;;;
11/07/2018;418.65;;;;;;
10/07/2018;415.63;;;;;;
09/07/2018;418.97;;;;;;
06/07/2018;408.25;;;;;;
05/07/2018;398.39;;;;;;
03/07/2018;390.52;;;;;;
02/07/2018;398.18;;;;;;
29/06/2018;391.43;;;;;;
28/06/2018;395.42;;;;;;
27/06/2018;390.39;;;;;;
26/06/2018;399.39;;;;;;
25/06/2018;384.48;;;;;;
22/06/2018;411.09;;;;;;
21/06/2018;415.44;;;;;;
20/06/2018;416.76;;;;;;
19/06/2018;404.98;;;;;;
18/06/2018;390.40;;;;;;
15/06/2018;391.98;;;;;;
14/06/2018;392.87;;;;;;
13/06/2018;379.93;;;;;;
12/06/2018;363.83;;;;;;
11/06/2018;361.45;;;;;;
08/06/2018;360.57;;;;;;
07/06/2018;361.40;;;;;;
06/06/2018;367.45;;;;;;
05/06/2018;365.80;;;;;;
04/06/2018;361.81;;;;;;
01/06/2018;359.93;;;;;;
31/05/2018;351.60;;;;;;
30/05/2018;353.54;;;;;;
29/05/2018;349.73;;;;;;
25/05/2018;351.29;;;;;;
24/05/2018;349.29;;;;;;
23/05/2018;344.72;;;;;;
22/05/2018;331.62;;;;;;
21/05/2018;331.82;;;;;;
18/05/2018;324.18;;;;;;
17/05/2018;325.22;;;;;;
16/05/2018;328.19;;;;;;
15/05/2018;326.13;;;;;;
14/05/2018;328.53;;;;;;
11/05/2018;326.46;;;;;;
10/05/2018;329.60;;;;;;
09/05/2018;330.30;;;;;;
08/05/2018;326.89;;;;;;
07/05/2018;326.26;;;;;;
04/05/2018;320.09;;;;;;
03/05/2018;311.69;;;;;;
02/05/2018;313.36;;;;;;
01/05/2018;313.30;;;;;;
30/04/2018;312.46;;;;;;
27/04/2018;311.76;;;;;;
26/04/2018;313.98;;;;;;
25/04/2018;305.76;;;;;;
24/04/2018;307.02;;;;;;
23/04/2018;318.69;;;;;;
20/04/2018;327.77;;;;;;
19/04/2018;332.70;;;;;;
18/04/2018;334.52;;;;;;
17/04/2018;336.06;;;;;;
16/04/2018;307.78;;;;;;
13/04/2018;311.65;;;;;;
12/04/2018;309.25;;;;;;
11/04/2018;303.67;;;;;;
10/04/2018;298.07;;;;;;
09/04/2018;289.93;;;;;;
06/04/2018;288.85;;;;;;
05/04/2018;293.97;;;;;;
04/04/2018;288.94;;;;;;
03/04/2018;283.67;;;;;;
02/04/2018;280.29;;;;;;
29/03/2018;295.35;;;;;;
28/03/2018;285.77;;;;;;
27/03/2018;300.69;;;;;;
26/03/2018;320.35;;;;;;
23/03/2018;300.94;;;;;;
22/03/2018;306.70;;;;;;
21/03/2018;316.48;;;;;;
20/03/2018;317.50;;;;;;
19/03/2018;313.48;;;;;;
16/03/2018;318.45;;;;;;
15/03/2018;321.09;;;;;;
14/03/2018;321.55;;;;;;
13/03/2018;315.88;;;;;;
12/03/2018;321.30;;;;;;
09/03/2018;331.44;;;;;;
08/03/2018;317.00;;;;;;
07/03/2018;321.16;;;;;;
06/03/2018;325.22;;;;;;
05/03/2018;315.00;;;;;;
02/03/2018;301.05;;;;;;
01/03/2018;290.39;;;;;;
28/02/2018;291.38;;;;;;
27/02/2018;290.61;;;;;;
26/02/2018;294.16;;;;;;
23/02/2018;285.93;;;;;;
22/02/2018;278.14;;;;;;
21/02/2018;281.04;;;;;;
20/02/2018;278.55;;;;;;
16/02/2018;278.52;;;;;;
15/02/2018;280.27;;;;;;
14/02/2018;266.00;;;;;;
13/02/2018;258.27;;;;;;
12/02/2018;257.95;;;;;;
09/02/2018;249.47;;;;;;
08/02/2018;250.10;;;;;;
07/02/2018;264.56;;;;;;
06/02/2018;265.72;;;;;;
05/02/2018;254.26;;;;;;
02/02/2018;267.43;;;;;;
01/02/2018;265.07;;;;;;
31/01/2018;270.30;;;;;;
30/01/2018;278.80;;;;;;
29/01/2018;284.59;;;;;;
26/01/2018;274.60;;;;;;
25/01/2018;269.70;;;;;;
24/01/2018;261.30;;;;;;
23/01/2018;250.29;;;;;;
22/01/2018;227.58;;;;;;
19/01/2018;220.46;;;;;;
18/01/2018;220.33;;;;;;
17/01/2018;217.50;;;;;;
16/01/2018;221.53;;;;;;
12/01/2018;221.23;;;;;;
11/01/2018;217.24;;;;;;
10/01/2018;212.52;;;;;;
09/01/2018;209.31;;;;;;
08/01/2018;212.05;;;;;;
05/01/2018;209.99;;;;;;
04/01/2018;205.63;;;;;;
03/01/2018;205.05;;;;;;
02/01/2018;201.07;;;;;;
29/12/2017;191.96;;;;;;
28/12/2017;192.71;;;;;;
27/12/2017;186.24;;;;;;
26/12/2017;187.76;;;;;;
22/12/2017;189.94;;;;;;
21/12/2017;188.62;;;;;;
20/12/2017;188.82;;;;;;
19/12/2017;187.02;;;;;;
18/12/2017;190.42;;;;;;
15/12/2017;190.12;;;;;;
14/12/2017;189.56;;;;;;
13/12/2017;187.86;;;;;;
12/12/2017;185.73;;;;;;
11/12/2017;186.22;;;;;;
08/12/2017;188.54;;;;;;
07/12/2017;185.20;;;;;;
06/12/2017;185.30;;;;;;
05/12/2017;184.21;;;;;;
04/12/2017;184.04;;;;;;
01/12/2017;186.82;;;;;;
30/11/2017;187.58;;;;;;
29/11/2017;188.15;;;;;;
28/11/2017;199.18;;;;;;
27/11/2017;195.05;;;;;;
24/11/2017;195.75;;;;;;
22/11/2017;196.32;;;;;;
21/11/2017;196.23;;;;;;
20/11/2017;194.10;;;;;;
17/11/2017;193.20;;;;;;
16/11/2017;195.51;;;;;;
15/11/2017;192.12;;;;;;
14/11/2017;195.71;;;;;;
13/11/2017;195.08;;;;;;
10/11/2017;192.02;;;;;;
09/11/2017;193.90;;;;;;
08/11/2017;196.44;;;;;;
07/11/2017;195.89;;;;;;
06/11/2017;200.13;;;;;;
03/11/2017;200.01;;;;;;
02/11/2017;199.32;;;;;;
01/11/2017;198.00;;;;;;
31/10/2017;196.43;;;;;;
30/10/2017;198.37;;;;;;
27/10/2017;199.54;;;;;;
26/10/2017;195.21;;;;;;
25/10/2017;193.77;;;;;;
24/10/2017;196.02;;;;;;
23/10/2017;192.47;;;;;;
20/10/2017;194.16;;;;;;
19/10/2017;195.13;;;;;;
18/10/2017;195.54;;;;;;
17/10/2017;199.48;;;;;;
16/10/2017;202.68;;;;;;
13/10/2017;199.49;;;;;;
12/10/2017;195.86;;;;;;
11/10/2017;194.95;;;;;;
10/10/2017;195.08;;;;;;
09/10/2017;196.87;;;;;;
06/10/2017;198.02;;;;;;
05/10/2017;194.39;;;;;;
04/10/2017;184.45;;;;;;
03/10/2017;179.19;;;;;;
02/10/2017;177.01;;;;;;
29/09/2017;181.35;;;;;;
28/09/2017;180.70;;;;;;
27/09/2017;181.97;;;;;;
26/09/2017;179.38;;;;;;
25/09/2017;178.55;;;;;;
22/09/2017;187.35;;;;;;
21/09/2017;188.78;;;;;;
20/09/2017;185.51;;;;;;
19/09/2017;185.68;;;;;;
18/09/2017;184.62;;;;;;
15/09/2017;182.35;;;;;;
14/09/2017;182.63;;;;;;
13/09/2017;183.64;;;;;;
12/09/2017;185.15;;;;;;
11/09/2017;181.74;;;;;;
08/09/2017;176.42;;;;;;
07/09/2017;179.00;;;;;;
06/09/2017;179.25;;;;;;
05/09/2017;174.52;;;;;;
01/09/2017;174.74;;;;;;
31/08/2017;174.71;;;;;;
30/08/2017;174.69;;;;;;
29/08/2017;168.81;;;;;;
28/08/2017;167.12;;;;;;
25/08/2017;165.95;;;;;;
24/08/2017;168.13;;;;;;
23/08/2017;169.06;;;;;;
22/08/2017;169.34;;;;;;
21/08/2017;166.76;;;;;;
18/08/2017;166.54;;;;;;
17/08/2017;166.09;;;;;;
16/08/2017;169.98;;;;;;
15/08/2017;168.50;;;;;;
14/08/2017;171.00;;;;;;
11/08/2017;171.40;;;;;;
10/08/2017;169.14;;;;;;
09/08/2017;175.78;;;;;;
08/08/2017;178.36;;;;;;
07/08/2017;181.33;;;;;;
04/08/2017;180.27;;;;;;
03/08/2017;179.23;;;;;;
02/08/2017;180.74;;;;;;
01/08/2017;182.03;;;;;;
31/07/2017;181.66;;;;;;
28/07/2017;184.04;;;;;;
27/07/2017;182.68;;;;;;
26/07/2017;189.08;;;;;;
25/07/2017;186.97;;;;;;
24/07/2017;187.91;;;;;;
21/07/2017;188.54;;;;;;
20/07/2017;183.60;;;;;;
19/07/2017;183.86;;;;;;
18/07/2017;183.60;;;;;;
17/07/2017;161.70;;;;;;
14/07/2017;161.12;;;;;;
13/07/2017;158.21;;;;;;
12/07/2017;158.75;;;;;;
11/07/2017;154.33;;;;;;
10/07/2017;152.67;;;;;;
07/07/2017;150.18;;;;;;
06/07/2017;146.25;;;;;;
05/07/2017;147.61;;;;;;
03/07/2017;146.17;;;;;;
30/06/2017;149.41;;;;;;
29/06/2017;150.09;;;;;;
28/06/2017;153.41;;;;;;
27/06/2017;151.03;;;;;;
26/06/2017;157.50;;;;;;
23/06/2017;158.02;;;;;;
22/06/2017;154.89;;;;;;
21/06/2017;155.03;;;;;;
20/06/2017;152.05;;;;;;
19/06/2017;153.40;;;;;;
16/06/2017;152.38;;;;;;
15/06/2017;151.76;;;;;;
14/06/2017;152.20;;;;;;
13/06/2017;152.72;;;;;;
12/06/2017;151.44;;;;;;
09/06/2017;158.03;;;;;;
08/06/2017;165.88;;;;;;
07/06/2017;165.61;;;;;;
06/06/2017;165.17;;;;;;
05/06/2017;165.06;;;;;;
02/06/2017;165.18;;;;;;
01/06/2017;162.99;;;;;;
31/05/2017;163.07;;;;;;
30/05/2017;163.22;;;;;;
26/05/2017;162.43;;;;;;
25/05/2017;163.05;;;;;;
24/05/2017;157.75;;;;;;
23/05/2017;157.95;;;;;;
22/05/2017;157.16;;;;;;
19/05/2017;157.02;;;;;;
18/05/2017;155.70;;;;;;
17/05/2017;153.20;;;;;;
16/05/2017;159.41;;;;;;
15/05/2017;160.02;;;;;;
12/05/2017;160.81;;;;;;
11/05/2017;158.54;;;;;;
10/05/2017;160.28;;;;;;
09/05/2017;157.46;;;;;;
08/05/2017;156.38;;;;;;
05/05/2017;156.60;;;;;;
04/05/2017;157.25;;;;;;
03/05/2017;155.59;;;;;;
02/05/2017;156.45;;;;;;
01/05/2017;155.35;;;;;;
28/04/2017;152.20;;;;;;
27/04/2017;153.08;;;;;;
26/04/2017;150.17;;;;;;
25/04/2017;152.16;;;;;;
24/04/2017;143.83;;;;;;
21/04/2017;142.87;;;;;;
20/04/2017;141.18;;;;;;
19/04/2017;139.76;;;;;;
18/04/2017;143.36;;;;;;
17/04/2017;147.25;;;;;;
13/04/2017;142.92;;;;;;
12/04/2017;143.83;;;;;;
11/04/2017;144.35;;;;;;
10/04/2017;143.85;;;;;;
07/04/2017;143.11;;;;;;
06/04/2017;143.74;;;;;;
05/04/2017;143.62;;;;;;
04/04/2017;145.50;;;;;;
03/04/2017;146.92;;;;;;
31/03/2017;147.81;;;;;;
30/03/2017;148.06;;;;;;
29/03/2017;146.47;;;;;;
28/03/2017;145.17;;;;;;
27/03/2017;144.06;;;;;;
24/03/2017;142.02;;;;;;
23/03/2017;141.84;;;;;;
22/03/2017;142.65;;;;;;
21/03/2017;142.42;;;;;;
20/03/2017;145.83;;;;;;
17/03/2017;145.11;;;;;;
16/03/2017;144.39;;;;;;
15/03/2017;145.25;;;;;;
14/03/2017;143.19;;;;;;
13/03/2017;143.52;;;;;;
10/03/2017;140.89;;;;;;
09/03/2017;140.53;;;;;;
08/03/2017;140.32;;;;;;
07/03/2017;141.43;;;;;;
06/03/2017;141.94;;;;;;
03/03/2017;139.14;;;;;;
02/03/2017;139.53;;;;;;
01/03/2017;142.65;;;;;;
28/02/2017;142.13;;;;;;
27/02/2017;143.41;;;;;;
24/02/2017;143.25;;;;;;
23/02/2017;142.78;;;;;;
22/02/2017;143.86;;;;;;
21/02/2017;142.60;;;;;;
17/02/2017;142.22;;;;;;
16/02/2017;142.01;;;;;;
15/02/2017;142.27;;;;;;
14/02/2017;140.82;;;;;;
13/02/2017;143.20;;;;;;
10/02/2017;144.82;;;;;;
09/02/2017;144.14;;;;;;
08/02/2017;144.74;;;;;;
07/02/2017;144.00;;;;;;
06/02/2017;140.97;;;;;;
03/02/2017;140.25;;;;;;
02/02/2017;139.20;;;;;;
01/02/2017;140.78;;;;;;
31/01/2017;140.71;;;;;;
30/01/2017;141.22;;;;;;
27/01/2017;142.45;;;;;;
26/01/2017;138.96;;;;;;
25/01/2017;139.52;;;;;;
24/01/2017;140.11;;;;;;
23/01/2017;137.39;;;;;;
20/01/2017;138.60;;;;;;
19/01/2017;138.41;;;;;;
18/01/2017;133.26;;;;;;
17/01/2017;132.89;;;;;;
13/01/2017;133.70;;;;;;
12/01/2017;129.18;;;;;;
11/01/2017;130.50;;;;;;
10/01/2017;129.89;;;;;;
09/01/2017;130.95;;;;;;
06/01/2017;131.07;;;;;;
05/01/2017;131.81;;;;;;
04/01/2017;129.41;;;;;;
03/01/2017;127.49;;;;;;
30/12/2016;123.80;;;;;;
29/12/2016;125.33;;;;;;
28/12/2016;125.89;;;;;;
27/12/2016;128.35;;;;;;
23/12/2016;125.59;;;;;;
22/12/2016;125.58;;;;;;
21/12/2016;126.50;;;;;;
20/12/2016;125.12;;;;;;
19/12/2016;125.45;;;;;;
16/12/2016;124.22;;;;;;
15/12/2016;125.00;;;;;;
14/12/2016;123.44;;;;;;
13/12/2016;123.78;;;;;;
12/12/2016;122.83;;;;;;
09/12/2016;122.88;;;;;;
08/12/2016;123.24;;;;;;
07/12/2016;125.39;;;;;;
06/12/2016;124.57;;;;;;
05/12/2016;119.16;;;;;;
02/12/2016;120.81;;;;;;
01/12/2016;117.22;;;;;;
30/11/2016;117.00;;;;;;
29/11/2016;117.51;;;;;;
28/11/2016;116.93;;;;;;
25/11/2016;117.41;;;;;;
23/11/2016;117.69;;;;;;
22/11/2016;118.04;;;;;;
21/11/2016;117.96;;;;;;
18/11/2016;115.21;;;;;;
17/11/2016;115.03;;;;;;
16/11/2016;115.19;;;;;;
15/11/2016;113.59;;;;;;
14/11/2016;113.38;;;;;;
11/11/2016;114.78;;;;;;
10/11/2016;115.42;;;;;;
09/11/2016;122.19;;;;;;
08/11/2016;124.34;;;;;;
07/11/2016;124.58;;;;;;
04/11/2016;122.03;;;;;;
03/11/2016;122.14;;;;;;
02/11/2016;122.34;;;;;;
01/11/2016;123.30;;;;;;
31/10/2016;124.87;;;;;;
28/10/2016;126.57;;;;;;
27/10/2016;126.47;;;;;;
26/10/2016;126.97;;;;;;
25/10/2016;126.51;;;;;;
24/10/2016;127.33;;;;;;
21/10/2016;127.50;;;;;;
20/10/2016;123.35;;;;;;
19/10/2016;121.87;;;;;;
18/10/2016;118.79;;;;;;
17/10/2016;99.80,;;;;;;
14/10/2016;101.47;;;;;;
13/10/2016;100.23;;;;;;
12/10/2016;99.50,;;;;;;
11/10/2016;100.59;;;;;;
10/10/2016;103.33;;;;;;
07/10/2016;104.82;;;;;;
06/10/2016;105.07;;;;;;
05/10/2016;106.28;;;;;;
04/10/2016;102.34;;;;;;
03/10/2016;102.63;;;;;;
30/09/2016;98.55,;;;;;;
29/09/2016;96.67,;;;;;;
28/09/2016;97.48,;;;;;;
27/09/2016;97.07,;;;;;;
26/09/2016;94.56,;;;;;;
23/09/2016;95.94,;;;;;;
22/09/2016;95.83,;;;;;;
21/09/2016;94.88,;;;;;;
20/09/2016;98.25,;;;;;;
19/09/2016;98.06,;;;;;;
16/09/2016;99.48,;;;;;;
15/09/2016;97.34,;;;;;;
14/09/2016;97.01,;;;;;;
13/09/2016;96.09,;;;;;;
12/09/2016;99.05,;;;;;;
09/09/2016;96.50,;;;;;;
08/09/2016;99.66,;;;;;;
07/09/2016;99.15,;;;;;;
06/09/2016;100.09;;;;;;
02/09/2016;97.38,;;;;;;
01/09/2016;97.38,;;;;;;
31/08/2016;97.45,;;;;;;
30/08/2016;97.45,;;;;;;
29/08/2016;97.30,;;;;;;
26/08/2016;97.58,;;;;;;
25/08/2016;97.32,;;;;;;
24/08/2016;95.18,;;;;;;
23/08/2016;95.94,;;;;;;
22/08/2016;95.26,;;;;;;
19/08/2016;95.87,;;;;;;
18/08/2016;96.16,;;;;;;
17/08/2016;96.37,;;;;;;
16/08/2016;95.12,;;;;;;
15/08/2016;95.31,;;;;;;
12/08/2016;96.59,;;;;;;
11/08/2016;95.89,;;;;;;
10/08/2016;93.93,;;;;;;
09/08/2016;93.99,;;;;;;
08/08/2016;95.11,;;;;;;
05/08/2016;97.03,;;;;;;
04/08/2016;93.44,;;;;;;
03/08/2016;93.10,;;;;;;
02/08/2016;93.56,;;;;;;
01/08/2016;94.37,;;;;;;
29/07/2016;91.25,;;;;;;
28/07/2016;91.65,;;;;;;
27/07/2016;92.04,;;;;;;
26/07/2016;91.41,;;;;;;
25/07/2016;87.66,;;;;;;
22/07/2016;85.89,;;;;;;
21/07/2016;85.99,;;;;;;
20/07/2016;87.91,;;;;;;
19/07/2016;85.84,;;;;;;
18/07/2016;98.81,;;;;;;
15/07/2016;98.39,;;;;;;
14/07/2016;98.02,;;;;;;
13/07/2016;96.43,;;;;;;
12/07/2016;95.97,;;;;;;
11/07/2016;94.67,;;;;;;
08/07/2016;97.06,;;;;;;
07/07/2016;95.10,;;;;;;
06/07/2016;94.60,;;;;;;
05/07/2016;97.91,;;;;;;
01/07/2016;96.67,;;;;;;
30/06/2016;91.48,;;;;;;
29/06/2016;91.06,;;;;;;
28/06/2016;87.97,;;;;;;
27/06/2016;85.33,;;;;;;
24/06/2016;88.44,;;;;;;
23/06/2016;91.66,;;;;;;
22/06/2016;90.01,;;;;;;
21/06/2016;90.99,;;;;;;
20/06/2016;93.80,;;;;;;
17/06/2016;94.45,;;;;;;
16/06/2016;95.44,;;;;;;
15/06/2016;94.29,;;;;;;
14/06/2016;94.12,;;;;;;
13/06/2016;93.85,;;;;;;
10/06/2016;93.75,;;;;;;
09/06/2016;97.09,;;;;;;
08/06/2016;97.86,;;;;;;
07/06/2016;99.89,;;;;;;
06/06/2016;100.74;;;;;;
03/06/2016;99.59,;;;;;;
02/06/2016;101.25;;;;;;
01/06/2016;101.51;;;;;;
31/05/2016;102.57;;;;;;
27/05/2016;103.30;;;;;;
26/05/2016;102.81;;;;;;
25/05/2016;100.20;;;;;;
24/05/2016;97.89,;;;;;;
23/05/2016;94.89,;;;;;;
20/05/2016;92.49,;;;;;;
19/05/2016;89.55,;;;;;;
18/05/2016;90.50,;;;;;;
17/05/2016;88.63,;;;;;;
16/05/2016;89.12,;;;;;;
13/05/2016;87.88,;;;;;;
12/05/2016;87.74,;;;;;;
11/05/2016;90.02,;;;;;;
10/05/2016;92.89,;;;;;;
09/05/2016;90.54,;;;;;;
06/05/2016;90.84,;;;;;;
05/05/2016;89.37,;;;;;;
04/05/2016;90.79,;;;;;;
03/05/2016;91.54,;;;;;;
02/05/2016;93.11,;;;;;;
29/04/2016;90.03,;;;;;;
28/04/2016;90.28,;;;;;;
27/04/2016;91.04,;;;;;;
26/04/2016;92.43,;;;;;;
25/04/2016;93.56,;;;;;;
22/04/2016;95.90,;;;;;;
21/04/2016;94.98,;;;;;;
20/04/2016;96.77,;;;;;;
19/04/2016;94.34,;;;;;;
18/04/2016;108.40;;;;;;
15/04/2016;111.51;;;;;;
14/04/2016;110.42;;;;;;
13/04/2016;109.65;;;;;;
12/04/2016;106.98;;;;;;
11/04/2016;102.68;;;;;;
08/04/2016;103.81;;;;;;
07/04/2016;104.45;;;;;;
06/04/2016;104.83;;;;;;
05/04/2016;104.94;;;;;;
04/04/2016;104.35;;;;;;
01/04/2016;105.70;;;;;;
31/03/2016;102.23;;;;;;
30/03/2016;102.19;;;;;;
29/03/2016;104.13;;;;;;
28/03/2016;101.21;;;;;;
24/03/2016;98.36,;;;;;;
23/03/2016;99.59,;;;;;;
22/03/2016;99.84,;;;;;;
21/03/2016;101.06;;;;;;
18/03/2016;101.12;;;;;;
17/03/2016;99.72,;;;;;;
16/03/2016;99.35,;;;;;;
15/03/2016;97.86,;;;;;;
14/03/2016;98.13,;;;;;;
11/03/2016;97.66,;;;;;;
10/03/2016;97.36,;;;;;;
09/03/2016;98.00,;;;;;;
08/03/2016;96.23,;;;;;;
07/03/2016;95.49,;;;;;;
04/03/2016;101.58;;;;;;
03/03/2016;97.93,;;;;;;
02/03/2016;97.61,;;;;;;
01/03/2016;98.30,;;;;;;
29/02/2016;93.41,;;;;;;
26/02/2016;94.79,;;;;;;
25/02/2016;94.53,;;;;;;
24/02/2016;91.61,;;;;;;
23/02/2016;89.12,;;;;;;
22/02/2016;91.93,;;;;;;
19/02/2016;89.23,;;;;;;
18/02/2016;90.49,;;;;;;
17/02/2016;94.76,;;;;;;
16/02/2016;89.05,;;;;;;
12/02/2016;87.40,;;;;;;
11/02/2016;86.35,;;;;;;
10/02/2016;88.45,;;;;;;
09/02/2016;86.13,;;;;;;
08/02/2016;83.32,;;;;;;
05/02/2016;82.79,;;;;;;
04/02/2016;89.71,;;;;;;
03/02/2016;90.74,;;;;;;
02/02/2016;91.49,;;;;;;
01/02/2016;94.09,;;;;;;
29/01/2016;91.84,;;;;;;
28/01/2016;94.41,;;;;;;
27/01/2016;91.15,;;;;;;
26/01/2016;97.83,;;;;;;
25/01/2016;99.12,;;;;;;
22/01/2016;100.72;;;;;;
21/01/2016;102.35;;;;;;
20/01/2016;107.74;;;;;;
19/01/2016;107.89;;;;;;
15/01/2016;104.04;;;;;;
14/01/2016;107.06;;;;;;
13/01/2016;106.56;;;;;;
12/01/2016;116.58;;;;;;
11/01/2016;114.97;;;;;;
08/01/2016;111.39;;;;;;
07/01/2016;114.56;;;;;;
06/01/2016;117.68;;;;;;
05/01/2016;107.66;;;;;;
04/01/2016;109.96;;;;;;
31/12/2015;114.38;;;;;;
30/12/2015;116.71;;;;;;
29/12/2015;119.12;;;;;;
28/12/2015;117.11;;;;;;
24/12/2015;117.33;;;;;;
23/12/2015;118.16;;;;;;
22/12/2015;116.24;;;;;;
21/12/2015;116.63;;;;;;
18/12/2015;118.02;;;;;;
17/12/2015;122.51;;;;;;
16/12/2015;122.64;;;;;;
15/12/2015;118.60;;;;;;
14/12/2015;120.67;;;;;;
11/12/2015;118.91;;;;;;
10/12/2015;122.91;;;;;;
09/12/2015;124.20;;;;;;
08/12/2015;126.98;;;;;;
07/12/2015;125.36;;;;;;
04/12/2015;130.93;;;;;;
03/12/2015;126.81;;;;;;
02/12/2015;128.93;;;;;;
01/12/2015;125.37;;;;;;
30/11/2015;123.33;;;;;;
27/11/2015;125.44;;;;;;
25/11/2015;124.16;;;;;;
24/11/2015;123.31;;;;;;
23/11/2015;125.03;;;;;;
20/11/2015;123.84;;;;;;
19/11/2015;120.22;;;;;;
18/11/2015;120.63;;;;;;
17/11/2015;117.10;;;;;;
16/11/2015;111.35;;;;;;
13/11/2015;103.65;;;;;;
12/11/2015;108.92;;;;;;
11/11/2015;112.86;;;;;;
10/11/2015;112.70;;;;;;
09/11/2015;109.86;;;;;;
06/11/2015;114.06;;;;;;
05/11/2015;113.50;;;;;;
04/11/2015;114.05;;;;;;
03/11/2015;109.74;;;;;;
02/11/2015;107.64;;;;;;
30/10/2015;108.38;;;;;;
29/10/2015;105.12;;;;;;
28/10/2015;105.80;;;;;;
27/10/2015;103.07;;;;;;
26/10/2015;103.04;;;;;;
23/10/2015;100.04;;;;;;
22/10/2015;97.32,;;;;;;
21/10/2015;97.96,;;;;;;
20/10/2015;98.99,;;;;;;
19/10/2015;101.69;;;;;;
16/10/2015;98.99,;;;;;;
15/10/2015;101.09;;;;;;
14/10/2015;110.23;;;;;;
13/10/2015;109.73;;;;;;
12/10/2015;113.45;;;;;;
09/10/2015;113.33;;;;;;
08/10/2015;114.93;;;;;;
07/10/2015;108.10;;;;;;
06/10/2015;108.33;;;;;;
05/10/2015;111.25;;;;;;
02/10/2015;106.11;;;;;;
01/10/2015;105.98;;;;;;
30/09/2015;103.26;;;;;;
29/09/2015;98.35,;;;;;;
28/09/2015;99.47,;;;;;;
25/09/2015;102.24;;;;;;
24/09/2015;103.76;;;;;;
23/09/2015;98.07,;;;;;;
22/09/2015;98.47,;;;;;;
21/09/2015;100.30;;;;;;
18/09/2015;102.62;;;;;;
17/09/2015;104.21;;;;;;
16/09/2015;104.08;;;;;;
15/09/2015;99.16,;;;;;;
14/09/2015;95.69,;;;;;;
11/09/2015;97.51,;;;;;;
10/09/2015;99.48,;;;;;;
09/09/2015;99.18,;;;;;;
08/09/2015;94.95,;;;;;;
04/09/2015;98.79,;;;;;;
03/09/2015;101.06;;;;;;
02/09/2015;105.44;;;;;;
01/09/2015;105.79;;;;;;
31/08/2015;115.03;;;;;;
28/08/2015;117.63;;;;;;
27/08/2015;117.66;;;;;;
26/08/2015;110.13;;;;;;
25/08/2015;101.52;;;;;;
24/08/2015;96.88,;;;;;;
21/08/2015;103.96;;;;;;
20/08/2015;112.49;;;;;;
19/08/2015;122.06;;;;;;
18/08/2015;124.05;;;;;;
17/08/2015;125.36;;;;;;
14/08/2015;123.39;;;;;;
13/08/2015;123.73;;;;;;
12/08/2015;120.51;;;;;;
11/08/2015;122.74;;;;;;
10/08/2015;123.03;;;;;;
07/08/2015;123.52;;;;;;
06/08/2015;126.45;;;;;;
05/08/2015;123.71;;;;;;
04/08/2015;121.15;;;;;;
03/08/2015;112.56;;;;;;
31/07/2015;114.31;;;;;;
30/07/2015;111.56;;;;;;
29/07/2015;107.08;;;;;;
28/07/2015;106.90;;;;;;
27/07/2015;106.43;;;;;;
24/07/2015;109.34;;;;;;
23/07/2015;110.10;;;;;;
22/07/2015;111.50;;;;;;
21/07/2015;112.51;;;;;;
20/07/2015;110.55;;;;;;
17/07/2015;114.77;;;;;;
16/07/2015;115.81;;;;;;
15/07/2015;98.13,;;;;;;
14/07/2015;100.37;;;;;;
13/07/2015;101.08;;;;;;
